-- phpMyAdmin SQL Dump
-- version 4.0.9
-- http://www.phpmyadmin.net
--
-- Host: localhost
-- Generation Time: Jan 05, 2016 at 10:01 PM
-- Server version: 5.5.35-0ubuntu0.13.10.2
-- PHP Version: 5.5.3-1ubuntu2.6

SET SQL_MODE = "NO_AUTO_VALUE_ON_ZERO";
SET time_zone = "+00:00";


/*!40101 SET @OLD_CHARACTER_SET_CLIENT=@@CHARACTER_SET_CLIENT */;
/*!40101 SET @OLD_CHARACTER_SET_RESULTS=@@CHARACTER_SET_RESULTS */;
/*!40101 SET @OLD_COLLATION_CONNECTION=@@COLLATION_CONNECTION */;
/*!40101 SET NAMES utf8 */;

--
-- Database: `careers`
--

-- --------------------------------------------------------

--
-- Table structure for table `career`
--

CREATE TABLE IF NOT EXISTS `career` (
  `id` bigint(20) unsigned NOT NULL AUTO_INCREMENT,
  `name` varchar(255) NOT NULL,
  `total_duration` float NOT NULL,
  PRIMARY KEY (`id`),
  UNIQUE KEY `id` (`id`)
) ENGINE=InnoDB  DEFAULT CHARSET=utf8 AUTO_INCREMENT=11 ;

--
-- Dumping data for table `career`
--

INSERT INTO `career` (`id`, `name`, `total_duration`) VALUES
(1, 'Marketing – Media', 0),
(2, 'Sales Representative ', 0),
(3, 'Service Desk Agent', 0),
(4, 'Training Specialist ', 0),
(5, 'Administrative Assistance ', 0),
(6, 'Call Center Agent', 0),
(7, 'Front Office ', 0),
(8, 'HR Executive ', 0),
(9, 'Executive Assistance', 0),
(10, 'Customer Service Representative ', 0);

-- --------------------------------------------------------

--
-- Table structure for table `career_outlines`
--

CREATE TABLE IF NOT EXISTS `career_outlines` (
  `id` bigint(20) unsigned NOT NULL AUTO_INCREMENT,
  `career_id` int(11) NOT NULL,
  `outline_id` int(11) NOT NULL,
  PRIMARY KEY (`id`),
  UNIQUE KEY `id` (`id`),
  UNIQUE KEY `career_id` (`career_id`,`outline_id`)
) ENGINE=InnoDB  DEFAULT CHARSET=utf8 AUTO_INCREMENT=1 ;

-- --------------------------------------------------------

--
-- Table structure for table `category`
--

CREATE TABLE IF NOT EXISTS `category` (
  `id` bigint(20) unsigned NOT NULL AUTO_INCREMENT,
  `code` varchar(15) NOT NULL,
  `name` varchar(255) NOT NULL,
  PRIMARY KEY (`id`),
  UNIQUE KEY `id` (`id`)
) ENGINE=InnoDB  DEFAULT CHARSET=utf8 AUTO_INCREMENT=9 ;

--
-- Dumping data for table `category`
--

INSERT INTO `category` (`id`, `code`, `name`) VALUES
(1, 'CD', 'Career Development'),
(2, 'HR', 'Human Resources'),
(3, 'IM', 'Internet Marketing'),
(4, 'SM', 'Sales and Marketing'),
(5, 'SBTFE', 'Small Business Training for Entrepreneurs'),
(6, 'SVM', 'Supervisors and Managers'),
(7, 'TTT', 'Train The Trainer'),
(8, 'WE', 'Workplace Essentials');

-- --------------------------------------------------------

--
-- Table structure for table `course`
--

CREATE TABLE IF NOT EXISTS `course` (
  `id` bigint(20) unsigned NOT NULL AUTO_INCREMENT,
  `code` varchar(15) NOT NULL,
  `name` varchar(255) NOT NULL,
  `category_id` int(11) NOT NULL,
  PRIMARY KEY (`id`),
  UNIQUE KEY `id` (`id`)
) ENGINE=InnoDB  DEFAULT CHARSET=utf8 AUTO_INCREMENT=139 ;

--
-- Dumping data for table `course`
--

INSERT INTO `course` (`id`, `code`, `name`, `category_id`) VALUES
(1, 'AL', 'Active Listening', 1),
(2, 'AWS', 'Advanced Writing Skills', 1),
(3, 'BYSEAS', 'Building Your Self Esteem and Assertiveness Skills', 1),
(4, 'BEGTEE', 'Business Etiquette - Gaining That Extra Edge', 1),
(5, 'BWTW', 'Business Writing That Works', 1),
(6, 'CS', 'Communication Strategies', 1),
(7, 'CAIR', 'Conducting Accurate Internet Research', 1),
(8, 'CRDWDP', 'Conflict Resolution - Dealing With Difficult People', 1),
(9, 'CYFOSIP', 'Conquering Your Fear of Speaking in Public', 1),
(10, 'CDJP', 'Creating a Dynamite Job Portfolio', 1),
(11, 'CTI', 'Creative Thinking and Innovation', 1),
(12, 'CT', 'Critical Thinking', 1),
(13, 'CSTCECS', 'Customer Service Training - Critical Elements of Customer Service', 1),
(14, 'DYEP', 'Developing Your Executive Presence', 1),
(15, 'EI', 'Emotional Intelligence ', 1),
(16, 'GSDPDBC', 'Getting Stuff Done - Personal Development Boot Camp', 1),
(17, 'GYJSS', 'Getting Your Job Search Started', 1),
(18, 'GS', 'Goal Setting', 1),
(19, 'IP', 'Influence and Persuasion', 1),
(20, 'INLP', 'Introduction to Neuro Linguistic Programming', 1),
(21, 'MPMB', 'Managing Pressure and Maintaining Balance', 1),
(22, 'MI', 'Mastering the Interview', 1),
(23, 'NS', 'Networking for Success', 1),
(24, 'NTRL', 'NLP Tools for Real Life', 1),
(25, 'PBMPI', 'Personal Brand Maximizing Personal Impact', 1),
(26, 'PSPSS', 'Public Speaking - Presentation Survival School', 1),
(27, 'PSSUP', 'Public Speaking - Speaking Under Pressure', 1),
(28, 'RS', 'Research Skills', 1),
(29, 'SL', 'Self-Leadership', 1),
(30, 'SAA', 'Skills for the Administrative Assistant', 1),
(31, 'TMTW', 'The Minute Takers Workshop', 1),
(32, 'TMGOPP', 'Time Management - Get Organized for Peak Performance', 1),
(33, 'WSUTA', 'Working Smarter - Using Technology to your Advantage', 1),
(34, 'WRP', 'Writing Reports and Proposals', 1),
(35, 'ASNS', 'Accounting Skills for New Supervisors', 2),
(36, 'AMUA', 'Anger Management - Understanding Anger', 2),
(37, 'AI', 'Appreciative Inquiry', 2),
(38, 'BBT', 'Building Better Teams', 2),
(39, 'BSPDMSP', 'Business Succession Planning - Developing and Maintaining a Succession Plan', 2),
(40, 'CMCHDWI', 'Change Management - Change and How to Deal With It', 2),
(41, 'CEPR', 'Conducting Effective Performance Reviews', 2),
(42, 'CRGAW', 'Conflict Resolution - Getting Along In The Workplace', 2),
(43, 'CTNTMP', 'Creating a Top-Notch Talent Management Program', 2),
(44, 'CSTMCS', 'Customer Service Training - Managing Customer Service', 2),
(45, 'GGCGGW', 'Generation Gap - Closing the Generation Gap in the Workplace', 2),
(46, 'HSBIT', 'Hiring for Success - Behavioral Interviewing Techniques', 2),
(47, 'OERSOP', 'Onboarding ? The Essential Rules for a Successful Onboarding Program', 2),
(48, 'OHGEOGS', 'Orientation Handbook - Getting Employees Off to a Good Start', 2),
(49, 'PMMEP', 'Performance Management - Managing Employee Performance', 2),
(50, 'PSDM', 'Problem Solving & Decision Making', 2),
(51, 'PRBC', 'Public Relations Boot Camp', 2),
(52, 'SM', 'Stress Management', 2),
(53, 'BIM', 'Basic Internet Marketing', 3),
(54, 'BBSM', 'Building a Brand on Social Media', 3),
(55, 'CGAC', 'Creating a Google AdWords Campaign', 3),
(56, 'IEM', 'Introduction to E-Mail Marketing', 3),
(57, 'MSM', 'Marketing with Social Media', 3),
(58, 'WW', 'Writing for the Web', 3),
(59, 'BLRBLST', 'Body Language Reading Body Language as a Sales Tool', 4),
(60, 'BCMCB', 'Branding Creating and Managing Your Corporate Brand', 4),
(61, 'BRSS', 'Building Relationships for Success in Sales', 4),
(62, 'CCTSCSTCCA', 'Call Center Training - Sales and Customer Service Training for Call Center Agents', 4),
(63, 'CICRM', 'CRM - An Introduction to Customer Relationship Management', 4),
(64, 'DSP', 'Dynamite Sales Presentations', 4),
(65, 'OONS', 'Overcoming Objections to Nail the Sale', 4),
(66, 'PLLP', 'Prospecting for Leads like a Pro', 4),
(67, 'SS', 'Selling Smarter', 4),
(68, 'TUTST', 'Telemarketing - Using the Telephone as a Sales Tool', 4),
(69, 'BBMBCBO', 'Basic Business Management - Boot Camp for Business Owners', 5),
(70, 'BCB', 'Building a Consulting Business', 5),
(71, 'BOB', 'Building a Online Business', 5),
(72, 'CSBO', 'Communications for Small Business Owners', 5),
(73, 'ECM', 'E-Commerce Management', 5),
(74, 'E101', 'Entrepreneurship 101', 5),
(75, 'GBS', 'Global Business Strategies', 5),
(76, 'I', 'Intrapreneurship', 5),
(77, 'KBC', 'Kickstarting Your Business with Crowdsourcing', 5),
(78, 'MSB', 'Marketing for Small Businesses', 5),
(79, 'WBP', 'Writing a Business Plan', 5),
(80, 'APM', 'Advanced Project Management', 6),
(81, 'BMM', 'Budgets and Managing Money', 6),
(82, 'BLBMM', 'Business Leadership - Becoming Management Material', 6),
(83, 'CM', 'Coaching and Mentoring', 6),
(84, 'CEM', 'Conference and Event Management', 6),
(85, 'CL', 'Conversational Leadership', 6),
(86, 'DADE', 'Delegation - The Art Of Delegating Effectively', 6),
(87, 'EPS', 'Effective Planning and Scheduling', 6),
(88, 'GEF', 'Giving Effective Feedback', 6),
(89, 'HRTNHRM', 'Human Resources Training - HR for the Non-HR Manager', 6),
(90, 'IPM', 'ntermediate Project Management', 6),
(91, 'IMNB', 'Inventory Management - The Nuts and Bolts', 6),
(92, 'LSSCCC', 'Leadership Skills for Supervisors - Communication, Coaching and Conflict', 6),
(93, 'LSCM', 'Logistics and Supply Chain Management', 6),
(94, 'MAC', 'Managing Across Cultures', 6),
(95, 'MDC', 'Managing Difficult Conversations', 6),
(96, 'MVW', 'Managing the Virtual Workplace', 6),
(97, 'MS', 'Marketing and Sales', 6),
(98, 'MMAMMW', 'Meeting Management - The Art of Making Meetings Work', 6),
(99, 'MTMW', 'Motivation Training - Motivating Your Workforce', 6),
(100, 'NR', 'Negotiating for Results', 6),
(101, 'PMF', 'Project Management Fundamentals', 6),
(102, 'PMTUPM', 'Project Management Training - Understanding Project Management', 6),
(103, 'RM', 'Risk Management', 6),
(104, 'TBDHPT', 'Team Building - Developing High Performance Teams', 6),
(105, 'ASO', 'The ABCs of Supervising Others', 6),
(106, 'PS', 'The Professional Supervisor', 6),
(107, 'TTTEPH', 'Tough Topics Talking to Employees about Personal Hygiene', 6),
(108, 'ASPT', 'Advanced Skills for the Practical Trainer', 7),
(109, 'DTNA', 'Developing a Training Needs Analysis', 7),
(110, 'DTP', 'Developing Your Training Program', 7),
(111, 'FS', 'Facilitation Skills', 7),
(112, 'MTS', 'Making Training Stick', 7),
(113, 'MTR', 'Measuring Training Results', 7),
(114, 'SSNT', 'Survival Skills for the New Trainer', 7),
(115, 'PT', 'The Practical Trainer', 7),
(116, 'TVS', 'Training with Visual Storytelling', 7),
(117, 'UAMTF', 'Using Activities to Make Training Fun', 7),
(118, 'BSB', 'Balanced Scorecard Basics', 8),
(119, 'BW ', 'Bullying in the Workplace', 8),
(120, 'BEO', 'Business Ethics for the Office', 8),
(121, 'BPM', 'Business Process Management', 8),
(122, 'CIL', 'Continuous Improvement with Lean', 8),
(123, 'CM', 'Crisis Management', 8),
(124, 'DAWPD', 'Disability Awareness - Working with People with Disabilities', 8),
(125, 'DTCDW', 'Diversity Training - Celebrating Diversity in the Workplace', 8),
(126, 'EA', 'Employee Accountability', 8),
(127, 'ESSRB', 'Encouraging Sustainability and Social Responsibility in Business', 8),
(128, 'HRO', 'High Reliability Organizations', 8),
(129, 'KM', 'Knowledge Management', 8),
(130, 'LPI', 'Lean Process Improvement', 8),
(131, 'PIGA', 'Process Improvement with Gap Analysis', 8),
(132, 'PPB', 'Purchasing and Procurement Basics', 8),
(133, 'SW', 'Safety in the Workplace', 8),
(134, 'SP', 'Strategic Planning', 8),
(135, 'WEIPTE', 'Workplace Ergonomics Injury Prevention Through Ergonomics', 8),
(136, 'WHWDA', 'Workplace Harassment - What It is and What to Do About It', 8),
(137, 'WVHMAVW', 'Workplace Violence - How to Manage Anger and Violence in the Workplace', 8),
(138, 'WW', 'Workplace Wellness', 8);

-- --------------------------------------------------------

--
-- Table structure for table `outline`
--

CREATE TABLE IF NOT EXISTS `outline` (
  `id` bigint(20) unsigned NOT NULL AUTO_INCREMENT,
  `name` varchar(255) NOT NULL,
  `duration` int(11) NOT NULL COMMENT 'in Minutes',
  `course_id` int(11) NOT NULL,
  PRIMARY KEY (`id`),
  UNIQUE KEY `id` (`id`)
) ENGINE=InnoDB  DEFAULT CHARSET=utf8 AUTO_INCREMENT=1971 ;

--
-- Dumping data for table `outline`
--

INSERT INTO `outline` (`id`, `name`, `duration`, `course_id`) VALUES
(1, 'Icebreaker: Three Wishes', 15, 1),
(2, 'Session One: Course Overview', 15, 1),
(3, 'Session Two: Defining Active Listening', 60, 1),
(4, 'Session Three: Body Language Basics', 15, 1),
(5, 'Break', 15, 1),
(6, 'Session Four: Attitude is Everything!', 15, 1),
(7, 'Morning Wrap-Up', 15, 1),
(8, 'Lunch', 60, 1),
(9, 'Energizer: Photographic Memory', 15, 1),
(10, 'Session Five: Encouraging Conversation', 105, 1),
(11, 'Session Six: Building Relationships', 45, 1),
(12, 'Session Seven: Getting Over Listening Roadblocks', 30, 1),
(13, 'Workshop Wrap-Up', 15, 1),
(14, 'Icebreaker: Getting Write to Work', 15, 2),
(15, 'Session One: Course Overview', 15, 2),
(16, 'Session Two: The C&prime;s of Writing', 75, 2),
(17, 'Break', 15, 2),
(18, 'Session Three: Writing Mechanics', 15, 2),
(19, 'Morning Wrap-Up', 15, 2),
(20, 'Lunch', 60, 2),
(21, 'Energizer: Encyclopedia Excitement', 15, 2),
(22, 'Session Four: Dealing with Specific Requests', 75, 2),
(23, 'Break', 15, 2),
(24, 'Session Five: Preparing Business Documents', 60, 2),
(25, 'Session Six: Editing Techniques', 30, 2),
(26, 'Workshop Wrap-Up', 15, 2),
(27, 'Icebreaker: In and Out', 15, 3),
(28, 'Session One: Course Overview', 15, 3),
(29, 'Session Two: What is Self-Esteem?', 45, 3),
(30, 'Session Three: Improving Self-Esteem ', 30, 3),
(31, 'Break', 15, 3),
(32, 'Session Four: Building Self-Esteem', 45, 3),
(33, 'Session Five: Increasing our Self-Esteem', 30, 3),
(34, 'Morning Wrap-Up', 15, 3),
(35, 'Lunch', 60, 3),
(36, 'Energizer: Count Me In! ', 15, 3),
(37, 'Session Six: Esteemed Confidence', 30, 3),
(38, 'Session Seven: The Power of Thought', 75, 3),
(39, 'Session Eight: Ask for What You Want', 45, 3),
(40, 'Session Nine: Create What You Want', 30, 3),
(41, 'Workshop Wrap-Up', 15, 3),
(42, 'Session One: Course Overview', 15, 4),
(43, 'Session Two: Business Etiquette Basics', 15, 4),
(44, 'Session Three: Test Your Business Etiquette', 30, 4),
(45, 'Session Four: The Handshake', 30, 4),
(46, 'Break', 15, 4),
(47, 'Session Five: Business Card Etiquette', 15, 4),
(48, 'Session Six: The Skill of Making Small Talk', 15, 4),
(49, 'Session Seven: Do You Remember Names?', 30, 4),
(50, 'Session Eight: Making That Great First Impression', 15, 4),
(51, 'Morning Wrap-Up', 15, 4),
(52, 'Lunch', 60, 4),
(53, 'Energizer: Think Fast! ', 15, 4),
(54, 'Session Nine: Dress for Success', 60, 4),
(55, 'Break', 15, 4),
(56, 'Session Ten: Business Dining', 45, 4),
(57, 'Session Eleven: E-Mail and Telephone Etiquette', 60, 4),
(58, 'Workshop Wrap-Up', 15, 4),
(59, 'Icebreaker: At the Zoo', 15, 5),
(60, 'Session One: Course Overview', 15, 5),
(61, 'Session Two: Why Write? ', 15, 5),
(62, 'Session Three: Be Clear', 30, 5),
(63, 'Session Four: Be Concise', 60, 5),
(64, 'Session Five: Be Complete', 45, 5),
(65, 'Session Six: Be Correct', 15, 5),
(66, 'Morning Wrap-Up', 15, 5),
(67, 'Lunch', 60, 5),
(68, 'Energizer: Brag It Up', 15, 5),
(69, 'Session Seven: Word Agreement', 30, 5),
(70, 'Session Eight: Active and Passive Voice', 15, 5),
(71, 'Session Nine: Sentences and Sentence Types', 45, 5),
(72, 'Session Ten: Readability Index', 30, 5),
(73, 'Session Eleven: Manners and Courtesy', 30, 5),
(74, 'Session Twelve: Practical Language', 15, 5),
(75, 'Session Thirteen: Inclusive Language', 15, 5),
(76, 'Day One Wrap-Up', 15, 5),
(77, 'Session Two: Creating Positive Relationships', 15, 6),
(78, 'Session Three: Growing Our Self-Awareness', 30, 6),
(79, 'Session Four: Communication Basics', 45, 6),
(80, 'Break', 15, 6),
(81, 'Session Five: Communication Barriers', 75, 6),
(82, 'Lunch', 60, 6),
(83, 'Energizer: Word Play', 15, 6),
(84, 'Session Six: Asking Questions', 60, 6),
(85, 'Break', 15, 6),
(86, 'Session Seven: Listening Skills', 105, 6),
(87, 'Day One Wrap-Up', 15, 6),
(88, 'Icebreaker: Defining Ourselves', 15, 7),
(89, 'Session One: Course Overview', 15, 7),
(90, 'Session Two: Creating a Search Plan', 45, 7),
(91, 'Session Three: Searching the Surface Web', 120, 7),
(92, 'Morning Wrap-Up', 15, 7),
(93, 'Lunch', 60, 7),
(94, 'Energizer: Talk This Way', 15, 7),
(95, 'Session Four: Diving Into the Deep Web', 45, 7),
(96, 'Session Five: Searching for Multimedia', 60, 7),
(97, 'Session Six: Assessing Research Sites', 45, 7),
(98, 'Session Seven: Staying Organized with Research Tools', 15, 7),
(99, 'Session Eight: Citing Sources', 15, 7),
(100, 'Workshop Wrap-Up', 15, 7),
(101, 'Session Two: Conflict as Communication', 30, 8),
(102, 'Session Three: Benefits of Confrontation ', 15, 8),
(103, 'Session Four: Preventing Problems', 60, 8),
(104, 'Session Five: Getting Focused', 30, 8),
(105, 'Session Six: Dealing with Anger', 30, 8),
(106, 'Morning Wrap-Up', 15, 8),
(107, 'Lunch', 60, 8),
(108, 'Energizer: Tri-Dents', 15, 8),
(109, 'Session Seven: Dealing With Problems', 45, 8),
(110, 'Session Eight: The Three Step Conflict Resolution Model ', 30, 8),
(111, 'Break', 15, 8),
(112, 'Session Nine: Practice Makes Pretty Good', 30, 8),
(113, 'Session Ten: Changing Yourself ', 30, 8),
(114, 'Session Eleven: Why Don&prime;t People Do What They Are Supposed To?', 15, 8),
(115, 'Session Twelve: De-Stress Options to Use When Things Get Ugly', 15, 8),
(116, 'Workshop Wrap-Up', 15, 8),
(117, 'Icebreaker: Passing Introductions', 15, 9),
(118, 'Session One: Course Overview', 15, 9),
(119, 'Session Two: Good Communication Skills', 45, 9),
(120, 'Session Three: Interpersonal Skills', 30, 9),
(121, 'Break', 15, 9),
(122, 'Session Four: Getting Comfortable in Conversation', 15, 9),
(123, 'Morning Wrap-Up', 15, 9),
(124, 'Lunch', 60, 9),
(125, 'Energizer: The Limber Voice', 15, 9),
(126, 'Session Five: Practicing Dialogue', 15, 9),
(127, 'Session Six: Redesigning Yourself for Strength', 15, 9),
(128, 'Session Seven: Professionalism', 15, 9),
(129, 'Break', 15, 9),
(130, 'Session Eight: Maximizing Meetings', 45, 9),
(131, 'Session Nine: Sticky Situations', 30, 9),
(132, 'Session Ten: Controlling Nervousness', 15, 9),
(133, 'Session Eleven: Tell Me a Story', 30, 9),
(134, 'Workshop Wrap-Up ', 15, 9),
(135, 'Icebreaker: Not So Random', 15, 10),
(136, 'Session One: Course Overview', 15, 10),
(137, 'Session Two: Who Are You?', 30, 10),
(138, 'Session Three: Writing the Resume', 30, 10),
(139, 'Break', 15, 10),
(140, 'Session Four: Creating a Noticeable Package', 30, 10),
(141, 'Session Five: Cover Letters', 30, 10),
(142, 'Session Six: Getting into the Flow', 30, 10),
(143, 'Morning Wrap-Up', 15, 10),
(144, 'Lunch', 60, 10),
(145, 'Energizer: Creative Compliments ', 15, 10),
(146, 'Session Seven: The Portfolio', 30, 10),
(147, 'Session Eight: Refining and Perfecting', 30, 10),
(148, 'Break', 15, 10),
(149, 'Session Nine: Dealing with Awkward Points', 30, 10),
(150, 'Session Ten: Getting to a New Job in 60 Days', 30, 10),
(151, 'Session Eleven: 17', 30, 10),
(152, 'Session Twelve: Thank You Notes', 15, 10),
(153, 'Workshop Wrap-Up', 15, 10),
(154, 'Icebreaker: Think Beyond the Square', 15, 11),
(155, 'Session One: Course Overview', 15, 11),
(156, 'Session Two: What is Creativity and Innovation? ', 30, 11),
(157, 'Session Three: Individual Creativity', 30, 11),
(158, 'Session Four: Get Creative', 15, 11),
(159, 'Break', 15, 11),
(160, 'Session Five: Developing the Right Environment for Creativity', 30, 11),
(161, 'Session Six: Creativity and Innovation in Business', 45, 11),
(162, 'Morning Wrap-Up', 15, 11),
(163, 'Lunch', 60, 11),
(164, 'Energizer: Line Up', 15, 11),
(165, 'Session Seven: Where Does Creativity Fit into the Problem Solving Process?', 75, 11),
(166, 'Break', 15, 11),
(167, 'Session Eight: Defining the Problem', 90, 11),
(168, 'Day One Wrap-Up', 15, 11),
(169, 'Icebreaker: Creating Norms', 15, 12),
(170, 'Session One: Course Overview', 15, 12),
(171, 'Session Two: Understanding 11', 90, 12),
(172, 'Session Three: Where Do Other Types of Thinking Fit In?', 30, 12),
(173, 'Session Four: Pitfalls to Reasoned Decision Making', 45, 12),
(174, 'Morning Wrap-Up', 15, 12),
(175, 'Lunch', 60, 12),
(176, 'Energizer: Puzzle Paradise', 15, 12),
(177, 'Session Five: The 11 Process', 180, 12),
(178, 'Day One Wrap-Up', 15, 12),
(179, 'Icebreaker: Spinning a Tale', 15, 13),
(180, 'Session One: Course Overview', 15, 13),
(181, 'Session Two: What is Customer Service?', 45, 13),
(182, 'Session Three: Who Are Your Customers? ', 15, 13),
(183, 'Session Four: Meeting Expectations', 15, 13),
(184, 'Break', 15, 13),
(185, 'Session Five: Pre-Assignment Review', 15, 13),
(186, 'Session Six: Setting Goals', 75, 13),
(187, 'Lunch', 60, 13),
(188, 'Energizer: Our Customers', 15, 13),
(189, 'Session Seven: The Second Critical Element – Defined in Your Organization', 30, 13),
(190, 'Session Eight: The Third Critical Element – Given Life by the Employees', 30, 13),
(191, 'Break', 15, 13),
(192, 'Session Nine: Communication Skills', 45, 13),
(193, 'Session Ten: Telephone Techniques', 30, 13),
(194, 'Session Eleven: Dealing With Difficult Customers', 30, 13),
(195, 'Day One Wrap-Up', 15, 13),
(196, 'Icebreaker: In Flight ', 15, 14),
(197, 'Session One: Course Overview', 15, 14),
(198, 'Session Two: Managing Your First Impression', 90, 14),
(199, 'Session Three: Interpersonal Communication Skills', 15, 14),
(200, 'Morning Wrap-Up', 15, 14),
(201, 'Lunch', 60, 14),
(202, 'Energizer: Where Do You Fit?', 15, 14),
(203, 'Session Four: Speaking with Impact', 60, 14),
(204, 'Session Five: Maintaining Your Impression', 60, 14),
(205, 'Session Six: Three Leadership Skills to Start Mastering Right Now', 30, 14),
(206, 'Session Seven: Pre-Assignment Review', 30, 14),
(207, 'Workshop Wrap-Up', 15, 14),
(208, '', 0, 0),
(209, 'Icebreaker: Passing Introductions', 15, 15),
(210, 'Session One: Course Overview', 15, 15),
(211, 'Session Two: History of Emotional Intelligence', 30, 15),
(212, 'Session Three: 14Defined', 30, 15),
(213, 'Session Four: EI Blueprint', 15, 15),
(214, 'Break', 15, 15),
(215, 'Session Five: Optimism', 60, 15),
(216, 'Session Six: Validating Emotions in Others', 15, 15),
(217, 'Morning Wrap-Up', 15, 15),
(218, 'Lunch', 60, 15),
(219, 'Energizer: We&prime;re People People', 15, 15),
(220, 'Session Seven: Understanding Emotions', 90, 15),
(221, 'Session Eight: Setting Your Personal Vision', 90, 15),
(222, 'Workshop Wrap-Up', 15, 15),
(223, 'Icebreaker: Away From the Target!', 15, 16),
(224, 'Session One: Course Overview', 15, 16),
(225, 'Session Two: Understanding Personal Efficiency', 15, 16),
(226, 'Session Three: Developing the Right Attitude', 45, 16),
(227, 'Break', 15, 16),
(228, 'Session Four: Laying the Foundation', 90, 16),
(229, 'Morning Wrap-Up', 15, 16),
(230, 'Lunch', 60, 16),
(231, 'Energizer: Kaboom!', 15, 16),
(232, 'Session Five: The Building Blocks of a Good Organizational System', 30, 16),
(233, 'Session Six: Creating the Right Environment', 120, 16),
(234, 'Session Seven: Setting up your Virtual Environment', 45, 16),
(235, 'Day One Wrap-Up', 15, 16),
(236, 'Icebreaker: Animal Nature', 15, 17),
(237, 'Session One: Course Overview', 15, 17),
(238, 'Session Two: Change and Transitions  ', 30, 17),
(239, 'Session Three: The Important Stuff', 30, 17),
(240, 'Break', 15, 17),
(241, 'Session Four: Skill and Ability', 30, 17),
(242, 'Session Five: Vocation and Strategy', 30, 17),
(243, 'Session Six: Resources', 30, 17),
(244, 'Morning Wrap-Up', 15, 17),
(245, 'Lunch', 60, 17),
(246, 'Energizer: Best and Worst', 15, 17),
(247, 'Session Seven: The Job Market', 30, 17),
(248, 'Session Eight: Invite Your Network', 30, 17),
(249, 'Break ', 15, 17),
(250, 'Session Nine: Ready&cedil; Set&cedil; Goal!', 60, 17),
(251, 'Session Ten: Thinking Unconventionally to Get What You Want', 30, 17),
(252, 'Session Eleven: Getting Things Moving', 15, 17),
(253, 'Workshop Wrap-Up', 15, 17),
(254, 'Icebreaker: Mixed Bag', 15, 18),
(255, 'Session One: Course Overview', 15, 18),
(256, 'Session Two: Pre-Assignment Review', 15, 18),
(257, 'Session Three: Self-Understanding  ', 30, 18),
(258, 'Session Four: Laying the Foundation', 75, 18),
(259, 'Session Five: What&prime;s In Your Bucket?', 60, 18),
(260, 'Lunch', 60, 18),
(261, 'Energizer: Stress Busters!', 15, 18),
(262, 'Session Six: Getting Down to Business', 75, 18),
(263, 'Break', 15, 18),
(264, 'Session Seven: Getting Started Today', 60, 18),
(265, 'Session Eight: Dealing with Setbacks', 30, 18),
(266, 'Workshop Wrap-Up', 15, 18),
(267, 'Icebreaker: Racing to the Start!', 15, 19),
(268, 'Session One: Course Overview', 15, 19),
(269, 'Session Two: Understanding Persuasion', 45, 19),
(270, 'Session Three: Preparing to Persuade', 60, 19),
(271, 'Session Four: Getting Off on the Right Foot', 60, 19),
(272, 'Morning Wrap-Up', 15, 19),
(273, 'Lunch', 60, 19),
(274, 'Energizer: Making it Live!', 15, 19),
(275, 'Session Five: Presentation Strategies', 45, 19),
(276, 'Break', 15, 19),
(277, 'Session Six: Using Stories to Persuade', 45, 19),
(278, 'Session Seven: Using Neuro Linguistic Programming ', 75, 19),
(279, 'Workshop Wrap-Up', 15, 19),
(280, 'Icebreaker: Meet & Greet', 15, 20),
(281, 'Session One: Course Overview', 15, 20),
(282, 'Session Two: What is Neuro Linguistic Programming?', 45, 20),
(283, 'Session Three: The NLP Presuppositions', 60, 20),
(284, 'Session Four: The Senses According to NLP', 60, 20),
(285, 'Morning Wrap-Up', 15, 20),
(286, 'Lunch', 60, 20),
(287, 'Energizer: Bunkum Bosh', 15, 20),
(288, 'Session Five: Using Enriched Language', 15, 20),
(289, 'Session Six: Interpreting Body Language', 45, 20),
(290, 'Break', 15, 20),
(291, 'Session Seven: Asking Clean Questions', 30, 20),
(292, 'Session Eight: The Power of Hypnotic Language', 30, 20),
(293, 'Session Nine: Putting it All Together', 45, 20),
(294, 'Workshop Wrap-Up', 15, 20),
(295, 'Icebreaker: Come on Over! ', 15, 21),
(296, 'Session One: Course Overview', 15, 21),
(297, 'Session Two: Under Pressure! ', 60, 21),
(298, 'Break', 15, 21),
(299, 'Session Three: Getting to the Heart of the Matter', 90, 21),
(300, 'Morning Wrap-Up', 15, 21),
(301, 'Lunch', 60, 21),
(302, 'Energizer: Characterizations', 15, 21),
(303, 'Session Four: Emotional Intelligence', 90, 21),
(304, 'Session Five: Coping Toolkit', 60, 21),
(305, 'Session Six: Getting Organized', 30, 21),
(306, 'Workshop Wrap-Up', 15, 21),
(307, 'Icebreaker: Monkey Business', 15, 22),
(308, 'Session One: Course Overview', 15, 22),
(309, 'Session Two: Understanding the Interview', 30, 22),
(310, 'Session Three: Types of Questions', 30, 22),
(311, 'Break', 15, 22),
(312, 'Session Four: Getting Ready', 30, 22),
(313, 'Session Five: Live and In Person', 45, 22),
(314, 'Session Six: Unwinding for the Interview', 15, 22),
(315, 'Morning Wrap-Up', 15, 22),
(316, 'Lunch', 60, 22),
(317, 'Energizer: Word Jazz', 15, 22),
(318, 'Session Seven: Common Problems and Solutions', 30, 22),
(319, 'Session Eight: Phase Two', 30, 22),
(320, 'Break', 15, 22),
(321, 'Session Nine: Practice Makes Perfect', 45, 22),
(322, 'Session Ten: Sealing the Deal', 30, 22),
(323, 'Session Eleven: Getting What You&prime;re Worth', 30, 22),
(324, 'Workshop Wrap-Up', 15, 22),
(325, 'Icebreaker: Glad to Meet You', 15, 23),
(326, 'Session One: Course Overview', 15, 23),
(327, 'Session Two: Assessing Your Networking Skills ', 45, 23),
(328, 'Session Three: Identifying Opportunities and Customizing Your Approach', 30, 23),
(329, 'Break', 15, 23),
(330, 'Session Four: Creating a Positive First Impression', 15, 23),
(331, 'Morning Wrap-Up', 15, 23),
(332, 'Lunch', 60, 23),
(333, 'Energizer: Shopping Bags', 15, 23),
(334, 'Session Five: Your Memorable Intro', 90, 23),
(335, 'Session Six: Starting the Conversation', 90, 23),
(336, 'Day One Wrap-Up', 15, 23),
(337, 'Icebreaker: Stars and Shapes', 15, 24),
(338, 'Session One: Course Overview', 15, 24),
(339, 'Session Two: Developing Rapport', 45, 24),
(340, 'Session Three: Getting in Tune with Yourself', 60, 24),
(341, 'Morning Wrap-Up', 15, 24),
(342, 'Lunch', 60, 24),
(343, 'Energizer: Mixed Messages', 15, 24),
(344, 'Session Four: Creating Comprehensive Outcomes', 30, 24),
(345, 'Session Five: Creating a Desired State', 120, 24),
(346, 'Session Six: Chunking Information', 45, 24),
(347, 'Workshop Wrap-Up', 15, 24),
(348, 'Icebreaker: Making Meaning', 15, 25),
(349, 'Session One: Course Overview', 15, 25),
(350, 'Session Two: Importance of a Personal Brand  ', 60, 25),
(351, 'Break', 15, 25),
(352, 'Session Three: Your Brand Approach to Others', 45, 25),
(353, 'Session Four: Looking at the Outside ', 45, 25),
(354, 'Morning Wrap-Up', 15, 25),
(355, 'Lunch', 60, 25),
(356, 'Energizer: Carrying On', 15, 25),
(357, 'Session Five: Looking at the Inside', 60, 25),
(358, 'Break', 15, 25),
(359, 'Session Six: Setting Goals', 75, 25),
(360, 'Session Seven: 22', 30, 25),
(361, 'Day One Wrap-Up', 15, 25),
(362, 'Icebreaker: Interesting Introductions', 15, 26),
(363, 'Session One: Course Overview', 15, 26),
(364, 'Session Two: Communication', 15, 26),
(365, 'Session Three: Stop! Check Your Mouth! ', 30, 26),
(366, 'Session Four: What’s Your Type? How About Mine? ', 75, 26),
(367, 'Session Five: Positive Self-Talk ', 30, 26),
(368, 'Session Six: Rapport', 15, 26),
(369, 'Morning Wrap-Up', 15, 26),
(370, 'Lunch', 60, 26),
(371, 'Energizer: Brag It Up', 15, 26),
(372, 'Session Seven: Maximizing Meetings', 60, 26),
(373, 'Break', 15, 26),
(374, 'Session Eight: Body Language', 15, 26),
(375, 'Session Nine: Sticky Situations', 15, 26),
(376, 'Session Ten: I Can Just Send an E-mail&cedil;Right?', 45, 26),
(377, 'Session Eleven: Overcoming Nervousness', 30, 26),
(378, 'Day One Wrap-Up', 15, 26),
(379, 'Icebreaker: Hot Potato', 15, 27),
(380, 'Session One: Course Overview', 15, 27),
(381, 'Session Two: Getting Started ', 45, 27),
(382, 'Session Three: Planning', 75, 27),
(383, 'Session Four: Force Field Analysis', 45, 27),
(384, 'Morning Wrap-Up', 15, 27),
(385, 'Lunch', 60, 27),
(386, 'Energizer: Two&cedil; Three&cedil; Four&cedil; Play!', 15, 27),
(387, 'Session Five: Understanding Your Audience', 75, 27),
(388, 'Session Six: Controlling Your Jitters', 45, 27),
(389, 'Session Seven: Making Your Listener Hear You', 15, 27),
(390, 'Session Eight: Key Themes', 45, 27),
(391, 'Day One Wrap-Up', 15, 27),
(392, 'Icebreaker: Does It Suit You?', 15, 28),
(393, 'Session One: Course Overview', 15, 28),
(394, 'Session Two: Why Are Research Skills Important?', 15, 28),
(395, 'Session Three: Basic Skills', 90, 28),
(396, 'Session Four: Planning Your Research Strategy', 60, 28),
(397, 'Morning Wrap-Up', 15, 28),
(398, 'Lunch', 60, 28),
(399, 'Energizer: Gotcha!', 15, 28),
(400, 'Session Five: Where to Look and What to Look For', 15, 28),
(401, 'Session Six: Finding Information the Old-Fashioned Way', 30, 28),
(402, 'Session Seven: Researching with the Internet', 60, 28),
(403, 'Session Eight: Getting Ready to Write', 15, 28),
(404, 'Session Nine: Putting Pen to Paper', 60, 28),
(405, 'Workshop Wrap-Up', 15, 28),
(406, 'Icebreaker: Admit it!', 15, 29),
(407, 'Session One: Course Overview', 15, 29),
(408, 'Session Two: What is Self-Leadership?', 60, 29),
(409, 'Break', 15, 29),
(410, 'Session Three: Knowing Who You Are', 75, 29),
(411, 'Session Four: Change Management ', 30, 29),
(412, 'Lunch', 60, 29),
(413, 'Energizer: What Can You Do With That?', 15, 29),
(414, 'Session Five: Knowing What You Do', 45, 29),
(415, 'Break', 15, 29),
(416, 'Session Six: Motivation for Optimists', 75, 29),
(417, 'Session Seven: Using What You Know', 45, 29),
(418, 'Workshop Wrap-Up ', 15, 29),
(419, 'Icebreaker: Bingo!', 15, 30),
(420, 'Session One: Course Overview', 15, 30),
(421, 'Session Two: Personal Best&cedil; Professional Best ', 45, 30),
(422, 'Session Three: Putting Others at Ease', 15, 30),
(423, 'Session Four: Distorted Thinking', 30, 30),
(424, 'Break', 15, 30),
(425, 'Session Five: The Steps to Feeling Good', 15, 30),
(426, 'Session Six: Understanding Assertiveness', 45, 30),
(427, 'Morning Wrap-Up', 15, 30),
(428, 'Lunch', 60, 30),
(429, 'Energizer: Simon Says', 15, 30),
(430, 'Session Seven: Improving Your Assertiveness Skills', 30, 30),
(431, 'Session Eight: Communication Skills', 30, 30),
(432, 'Break', 15, 30),
(433, 'Session Nine: Asking and Listening', 45, 30),
(434, 'Session Ten: Non-Verbal Messages', 20, 30),
(435, 'Session Eleven: Writing Skills', 45, 30),
(436, 'Day One Wrap-Up ', 15, 30),
(437, 'Icebreaker: Mixing Up the Modifiers', 15, 31),
(438, 'Session One: Course Overview', 15, 31),
(439, 'Session Two: The Role of a Minute-Taker', 45, 31),
(440, 'Session Three: The Skills of a Minute-Taker', 60, 31),
(441, 'Session Four: Meeting Agreements', 15, 31),
(442, 'Session Five: Minute Styles', 45, 31),
(443, 'Morning Wrap-Up', 15, 31),
(444, 'Lunch', 60, 31),
(445, 'Energizer: Can You Stand It?', 15, 31),
(446, 'Session Six: What Do I Record?', 30, 31),
(447, 'Session Seven: Techniques for Preparing Minutes', 120, 31),
(448, 'Session Eight: Taking Minutes in an Interactive Meeting', 15, 31),
(449, 'Session Nine: The Minute Book', 15, 31),
(450, 'Workshop Wrap-Up', 15, 31),
(451, 'Icebreaker: Home Team', 15, 32),
(452, 'Session One: Course Overview', 15, 32),
(453, 'Session Two: The Power of a Change', 30, 32),
(454, 'Session Three: Changing Our Perspective', 45, 32),
(455, 'Break', 15, 32),
(456, 'Session Four: Setting Goals', 30, 32),
(457, 'Session Five: Planning Tips and Tricks', 30, 32),
(458, 'Session Six: Setting a Routine', 15, 32),
(459, 'Morning Wrap-Up', 15, 32),
(460, 'Lunch', 60, 32),
(461, 'Energizer: Secret Identity', 15, 32),
(462, 'Session Seven: Doing it Right', 45, 32),
(463, 'Session Eight: Putting an End to Procrastination', 15, 32),
(464, 'Break', 15, 32),
(465, 'Session Nine: Getting Organized', 15, 32),
(466, 'Session Ten: Organizing Your Files', 30, 32),
(467, 'Session Eleven: Managing Your Workload', 60, 32),
(468, 'Workshop Wrap-Up', 15, 32),
(469, 'Icebreaker: Mixing Up the Modifiers', 15, 33),
(470, 'Session One: Course Overview', 15, 33),
(471, 'Session Two: Making Your Company a Technology-Friendly Place', 45, 33),
(472, 'Session Three: Conquering Computers', 15, 33),
(473, 'Break', 15, 33),
(474, 'Session Four: Communicating with the IT Department', 15, 33),
(475, 'Session Five: Choosing Software Wisely', 45, 33),
(476, 'Session Six: Technical Training', 30, 33),
(477, 'Morning Wrap-Up', 15, 33),
(478, 'Lunch', 60, 33),
(479, 'Energizer: Auction Antics', 30, 33),
(480, 'Session Seven: Setting an IT Budget', 45, 33),
(481, 'Break', 15, 33),
(482, 'Session Eight: Security and Privacy', 60, 33),
(483, 'Session Nine: Uncontrolled vs. Controlled Networks', 15, 33),
(484, 'Session Ten: Ergonomics', 30, 33),
(485, 'Day One Wrap-Up', 15, 33),
(486, 'Icebreaker: Common Ground', 15, 34),
(487, 'Session One: Course Overview', 15, 34),
(488, 'Session Two: The Stages of Report Writing', 15, 34),
(489, 'Session Three: The First Stage – Investigating ', 45, 34),
(490, 'Break', 15, 34),
(491, 'Session Four: The Second Stage – Planning ', 30, 34),
(492, 'Session Five: The Third Stage –  Writing ', 30, 34),
(493, 'Session Six: The Fourth Stage – Revising', 30, 34),
(494, 'Morning Wrap-Up', 15, 34),
(495, 'Lunch', 60, 34),
(496, 'Energizer: Word Jazz', 15, 34),
(497, 'Session Seven: Using Headings', 15, 34),
(498, 'Session Eight: Using Charts and Graphs', 15, 34),
(499, 'Session Nine: The Proposal', 75, 34),
(500, 'Session Ten: Persuasion', 15, 34),
(501, 'Session Eleven: Practical Application', 30, 34),
(502, 'Session Twelve: Giving Credit', 30, 34),
(503, 'Workshop Wrap-Up', 15, 34),
(504, 'Icebreaker: Time’s Up! ', 15, 35),
(505, 'Session One: Course Overview', 15, 35),
(506, 'Session Two: Getting the Facts Straight', 45, 35),
(507, 'Session Three: The Accounting Cycle', 60, 35),
(508, 'Morning Wrap-Up', 15, 35),
(509, 'Lunch', 60, 35),
(510, 'Energizer: Count Me In!', 15, 35),
(511, 'Session Four: The Key Reports', 120, 35),
(512, 'Session Five: Keeping Score', 60, 35),
(513, 'Day One Wrap-Up', 15, 35),
(514, 'Icebreaker: Bingo', 15, 36),
(515, 'Session One: Course Overview', 15, 36),
(516, 'Session Two: What is Anger? ', 30, 36),
(517, 'Session Three: Costs and Pay-Offs', 45, 36),
(518, 'Break', 15, 36),
(519, 'Session Four: The Anger Process', 15, 36),
(520, 'Morning Wrap-Up', 15, 36),
(521, 'Lunch', 60, 36),
(522, 'Energizer: In and Out', 15, 36),
(523, 'Session Five: How Does Anger Affect Our Thinking? ', 30, 36),
(524, 'Session Six: Understanding Behavior Types', 30, 36),
(525, 'Break', 15, 36),
(526, 'Session Seven: Managing Anger', 60, 36),
(527, 'Session Eight: Communication Tips and Tricks', 45, 36),
(528, 'Workshop Wrap-Up', 15, 36),
(529, 'Icebreaker: Basic Math', 15, 37),
(530, 'Session One: Course Overview', 15, 37),
(531, 'Session Two: Defining Appreciative Inquiry', 60, 37),
(532, 'Break', 15, 37),
(533, 'Session Three: Success Principles', 90, 37),
(534, 'Morning Wrap-Up', 15, 37),
(535, 'Lunch', 60, 37),
(536, 'Energizer: A Word Please', 15, 37),
(537, 'Session Four: The 4-D Model', 120, 37),
(538, 'Session Five: Test Driving ', 60, 37),
(539, 'Workshop Wrap-Up', 15, 37),
(540, 'Icebreaker: To-Do List', 15, 38),
(541, 'Session One: Course Overview', 15, 38),
(542, 'Session Two: Defining Teams', 30, 38),
(543, 'Session Three: Establishing Team Norms', 60, 38),
(544, 'Session Four: Working as a Team', 15, 38),
(545, 'Session Five: Your Team Player Type', 60, 38),
(546, 'Morning Wrap-Up', 15, 38),
(547, 'Lunch', 60, 38),
(548, 'Energizer: Group Pursuit', 15, 38),
(549, 'Session Six: Building Team Trust', 45, 38),
(550, 'Break', 15, 38),
(551, 'Session Seven: The Stages of Team Development', 15, 38),
(552, 'Session Eight: Team Building with TORI ', 60, 38),
(553, 'Session Nine: Communication', 30, 38),
(554, 'Session Ten: Becoming a Good Team Player', 15, 38),
(555, 'Workshop Wrap-Up', 15, 38),
(556, 'Icebreaker: Monkey Business', 15, 39),
(557, 'Session One: Course Overview', 15, 39),
(558, 'Session Two: A Need for Succession Planning', 30, 39),
(559, 'Session Three: Defining a Succession Plan', 30, 39),
(560, 'Break', 15, 39),
(561, 'Session Four: Pre-Assignment Review', 15, 39),
(562, 'Session Five: Identifying Resources and Analyzing Risks', 30, 39),
(563, 'Session Six: Defining Roles&cedil; Responsibilities&cedil; and Functions', 30, 39),
(564, 'Session Seven: Gathering Information', 15, 39),
(565, 'Morning Wrap-Up', 15, 39),
(566, 'Lunch', 60, 39),
(567, 'Energizer: Let’s Get Physical', 15, 39),
(568, 'Session Eight: Forecasting Needs ', 30, 39),
(569, 'Session Nine: Putting the Plan Together', 30, 39),
(570, 'Break', 15, 39),
(571, 'Session Ten: Putting the Plan Into Action', 30, 39),
(572, 'Session Eleven: Evaluating and Reviewing the Plan', 45, 39),
(573, 'Session Twelve: Your Action Plan', 30, 39),
(574, 'Workshop Wrap-Up', 15, 39),
(575, 'Icebreaker: Mix and Mingle', 15, 40),
(576, 'Session One: Course Overview', 15, 40),
(577, 'Session Two: What is Change?', 15, 40),
(578, 'Session Three: The Change Cycle', 45, 40),
(579, 'Break', 15, 40),
(580, 'Session Four: The Human Reaction to Change', 30, 40),
(581, 'Session Five: The Pace of Change', 60, 40),
(582, 'Morning Wrap-Up', 15, 40),
(583, 'Lunch', 60, 40),
(584, 'Energizer: In and Out', 15, 40),
(585, 'Session Six: The Four Room Apartment', 30, 40),
(586, 'Session Seven: Dealing with Resistance', 30, 40),
(587, 'Session Eight: Adapting to Change', 60, 40),
(588, 'Session Nine: Strategies for Dealing with Anger', 45, 40),
(589, 'Session Ten: Managing Stress', 15, 40),
(590, 'Workshop Wrap-Up', 15, 40),
(591, 'Icebreaker: Vegetable Garden', 15, 41),
(592, 'Session One: Course Overview', 15, 41),
(593, 'Session Two: Performance Appraisals Done Well', 75, 41),
(594, 'Break', 15, 41),
(595, 'Session Three: Errors We Make ', 45, 41),
(596, 'Session Four: Types of Performance Reviews', 30, 41),
(597, 'Morning Wrap-Up', 15, 41),
(598, 'Lunch', 60, 41),
(599, 'Energizer: I’ve Got Your Back ', 15, 41),
(600, 'Session Five: The Performance Management Process', 45, 41),
(601, 'Session Six: Goals with SPIRIT', 75, 41),
(602, 'Session Seven: The Performance Management Cycle', 30, 41),
(603, 'Session Eight: Setting Standards', 30, 41),
(604, 'Day One Wrap-Up', 15, 41),
(605, 'Icebreaker: Spinning a Tale', 15, 42),
(606, 'Session One: Course Overview', 15, 42),
(607, 'Session Two: Defining Conflict', 45, 42),
(608, 'Session Three: Types of Conflict ', 15, 42),
(609, 'Session Four: Open Conflict vs. Hidden Conflict', 15, 42),
(610, 'Break', 15, 42),
(611, 'Session Five: Spontaneous and Reflective Action', 15, 42),
(612, 'Session Six: The Johari Window', 60, 42),
(613, 'Morning Wrap-Up', 15, 42),
(614, 'Lunch', 60, 42),
(615, 'Energizer: This or That', 15, 42),
(616, 'Session Seven: Stages of Conflict', 60, 42),
(617, 'Break', 15, 42),
(618, 'Session Eight: Creating the Win/Win', 30, 42),
(619, 'Session Nine: Conflict Resolution Style Questionnaire', 75, 42),
(620, 'Day One Wrap-Up', 15, 42),
(621, 'Icebreaker: First or Worst', 15, 43),
(622, 'Session One: Course Overview', 15, 43),
(623, 'Session Two: Understanding Talent Management', 30, 43),
(624, 'Session Three: Understanding Performance Management', 30, 43),
(625, 'Session Four: Understanding Succession Planning', 105, 43),
(626, 'Morning Wrap-Up', 15, 43),
(627, 'Lunch', 60, 43),
(628, 'Energizer: Alphabetize It!', 15, 43),
(629, 'Session Five: Creating a Talent Management Plan', 30, 43),
(630, 'Session Six: About Competency-Based Programs', 30, 43),
(631, 'Break', 15, 43),
(632, 'Session Seven: Identifying Talent', 75, 43),
(633, 'Session Eight: Bring on Bench Strength', 30, 43),
(634, 'Day One Wrap-Up', 15, 43),
(635, 'Icebreaker: At the Zoo', 15, 44),
(636, 'Session One: Course Overview', 15, 44),
(637, 'Session Two: Six Critical Elements', 165, 44),
(638, 'Morning Wrap-Up', 15, 44),
(639, 'Lunch', 60, 44),
(640, 'Energizer: Around the World', 15, 44),
(641, 'Session Three: Understanding Leadership', 75, 44),
(642, 'Break', 15, 44),
(643, 'Session Four: Five Practices of Leadership', 90, 44),
(644, 'Workshop Wrap-Up', 15, 44),
(645, 'Icebreaker: This is Over the Top! ', 15, 45),
(646, 'Session One: Course Overview', 15, 45),
(647, 'Session Two: History in Brief', 30, 45),
(648, 'Session Three: Finding Common Ground', 30, 45),
(649, 'Break', 15, 45),
(650, 'Session Four: Silents&cedil; Boomers&cedil; X’ers&cedil; Y’s&cedil; Millennials&cedil; and Gen Z', 30, 45),
(651, 'Session Five: Recruiting that Bridges the Gap', 30, 45),
(652, 'Session Six: Pre-Assignment Review', 30, 45),
(653, 'Morning Wrap-Up', 15, 45),
(654, 'Lunch', 60, 45),
(655, 'Energizer: Either Or', 15, 45),
(656, 'Session Seven: Creative Solutions', 30, 45),
(657, 'Session Eight: The Value of Planning', 30, 45),
(658, 'Break', 15, 45),
(659, 'Session Nine: Developing Targeted Retention Strategies', 60, 45),
(660, 'Session Ten: What We Really Want', 45, 45),
(661, 'Workshop Wrap-Up ', 15, 45),
(662, 'Icebreaker: All About Me', 15, 46),
(663, 'Session One: Course Overview', 15, 46),
(664, 'Session Two: History of the Interviewing Process', 15, 46),
(665, 'Session Three: The Recruitment and Selection Process', 15, 46),
(666, 'Session Four: Factors in the Hiring Process', 15, 46),
(667, 'Session Five: Cost Analysis', 30, 46),
(668, 'Break', 15, 46),
(669, 'Session Six: Job Analysis and Position Profiles', 15, 46),
(670, 'Session Seven: Determining the Skills You Need', 15, 46),
(671, 'Session Eight: Finding Candidates', 15, 46),
(672, 'Session Nine: Advertising Guidelines', 30, 46),
(673, 'Morning Wrap-Up', 15, 46),
(674, 'Lunch', 60, 46),
(675, 'Energizer: Egg&cedil; Chicken&cedil; Dinosaur', 15, 46),
(676, 'Session Ten: Screening Resumes', 30, 46),
(677, 'Session Eleven: Performance Assessments', 15, 46),
(678, 'Break', 15, 46),
(679, 'Session Twelve: Problems Recruiters Face', 15, 46),
(680, 'Session Thirteen: Interviewing Barriers', 15, 46),
(681, 'Session Fourteen: Non-Verbal Communication', 30, 46),
(682, 'Session Fifteen: Types of Questions', 30, 46),
(683, 'Session Sixteen: Case Study', 30, 46),
(684, 'Day One Wrap-Up', 15, 46),
(685, 'Icebreaker: Shoe Closet', 15, 47),
(686, 'Session One: Course Overview', 15, 47),
(687, 'Session Two: Defining Onboarding', 60, 47),
(688, 'Break', 15, 47),
(689, 'Session Three: Creating the Onboarding Steering Team', 15, 47),
(690, 'Session Four: Gathering Supporting Information', 60, 47),
(691, 'Session Five: Setting Goals', 15, 47),
(692, 'Morning Wrap-Up', 15, 47),
(693, 'Lunch', 60, 47),
(694, 'Energizer: Packing a Picnic', 15, 47),
(695, 'Session Six: Developing the Program', 150, 47),
(696, 'Session Seven: A Personal Onboarding Plan', 30, 47),
(697, 'Day One Wrap-Up', 15, 47),
(698, 'Icebreaker: To-Do List', 15, 48),
(699, 'Session One: Course Overview', 15, 48),
(700, 'Session Two: Finding&cedil; Hiring&cedil; and Keeping Good People', 30, 48),
(701, 'Session Three: Building Employee Commitment and Engagement', 105, 48),
(702, 'Session Four: Perception', 30, 48),
(703, 'Morning Wrap-Up', 15, 48),
(704, 'Lunch', 60, 48),
(705, 'Energizer: Blanket Ball', 15, 48),
(706, 'Session Five: Fast-Track Orientation', 15, 48),
(707, 'Session Six: Designing a Successful Orientation Program', 60, 48),
(708, 'Break', 15, 48),
(709, 'Session Seven: Characteristics of a Successful Orientation Process', 30, 48),
(710, 'Session Eight: The Commitment Curve', 60, 48),
(711, 'Day One Wrap-Up', 15, 48),
(712, 'Icebreaker: It’s Funny Out There ', 15, 49),
(713, 'Session One: Course Overview', 15, 49),
(714, 'Session Two: The Shared Management Model ', 15, 49),
(715, 'Session Three: Setting Goals ', 30, 49),
(716, 'Session Four: Phase I (Preparation)', 120, 49),
(717, 'Morning Wrap-Up ', 15, 49),
(718, 'Lunch', 60, 49),
(719, 'Energizer: Alien Architect', 15, 49),
(720, 'Session Five: Phase II (Activation)', 30, 49),
(721, 'Session Six: Phase III&cedil; Part A (Ongoing Evaluation)', 90, 49),
(722, 'Session Seven: Phase III&cedil; Part B (Formal Evaluation)', 60, 49),
(723, 'Workshop Wrap-Up', 15, 49),
(724, 'Icebreaker: Toilet Paper Twister', 15, 50),
(725, 'Session One: Course Overview', 15, 50),
(726, 'Session Two: Definitions', 90, 50),
(727, 'Break', 15, 50),
(728, 'Session Three: Making Decisions', 60, 50),
(729, 'Morning Wrap-Up', 15, 50),
(730, 'Lunch', 60, 50),
(731, 'Energizer: Jigsaw', 15, 50),
(732, 'Session Four: Getting Real', 30, 50),
(733, 'Session Five: The Problem Solving Model', 120, 50),
(734, 'Session Six: Case Study', 30, 50),
(735, 'Day One Wrap-Up', 15, 50),
(736, 'Icebreaker: Attention!', 15, 51),
(737, 'Session One: Course Overview', 15, 51),
(738, 'Session Two: Public Relations', 45, 51),
(739, 'Session Three: Building Your PR Plan', 120, 51),
(740, 'Morning Wrap-Up', 15, 51),
(741, 'Lunch', 60, 51),
(742, 'Energizer: What About Them Over There?', 15, 51),
(743, 'Session Four: Structuring Messages', 105, 51),
(744, 'Session Five: Establishing Media Guidelines', 75, 51),
(745, 'Day One Wrap-Up', 15, 51),
(746, 'Icebreaker: 30 Seconds', 15, 52),
(747, 'Session One: Course Overview', 15, 52),
(748, 'Session Two: Defining Stress and How It Affects Us', 45, 52),
(749, 'Session Three: What is Stress About?', 15, 52),
(750, 'Session Four: Building a Solid Foundation', 75, 52),
(751, 'Session Five: Mental Strategies', 30, 52),
(752, 'Morning Wrap-Up', 15, 52),
(753, 'Lunch', 60, 52),
(754, 'Energizer: Scrap It!', 15, 52),
(755, 'Session Six: Stress at Work', 60, 52),
(756, 'Break', 15, 52),
(757, 'Session Seven: Time Management Tips', 30, 52),
(758, 'Session Eight: Stress at Home', 45, 52),
(759, 'Session Nine: Drainers and Fillers', 30, 52),
(760, 'Workshop Wrap-Up', 15, 52),
(761, 'Icebreaker: Your Story', 15, 53),
(762, 'Session One: Course Overview', 15, 53),
(763, 'Session Two: What is Internet Marketing? ', 30, 53),
(764, 'Session Three: Creating an Internet Marketing Plan', 30, 53),
(765, 'Break', 15, 53),
(766, 'Session Four: Extending Your Influence', 60, 53),
(767, 'Session Five: E-mail Marketing', 30, 53),
(768, 'Morning Wrap-Up', 15, 53),
(769, 'Lunch', 60, 53),
(770, 'Energizer: To Market', 15, 53),
(771, 'Session Six: Search Engine Optimization (SEO)', 135, 53),
(772, 'Session Seven: Advertising Online', 45, 53),
(773, 'Workshop Wrap-Up', 15, 53),
(774, 'Icebreaker: Mindstorming', 15, 54),
(775, 'Session One: Course Overview', 15, 54),
(776, 'Session Two: Defining the Terms', 30, 54),
(777, 'Session Three: Building Your Social Media Branding Strategy', 30, 54),
(778, 'Session Four: Identifying Your Social Media Audience', 15, 54),
(779, 'Break', 15, 54),
(780, 'Session Five: The Key Social Media Platforms', 15, 54),
(781, 'Morning Wrap-Up', 15, 54),
(782, 'Lunch', 60, 54),
(783, 'Energizer: Sizing Things Up', 15, 54),
(784, 'Session Six: Creating Brand-Focused Messages', 60, 54),
(785, 'Break', 15, 54),
(786, 'Session Seven: Building Customer Trust', 30, 54),
(787, 'Session Eight: Developing a Communication Strategy', 60, 54),
(788, 'Session Nine: Reviewing and Revising', 15, 54),
(789, 'Workshop Wrap-Up', 15, 54),
(790, 'Icebreaker: Highlights', 15, 55),
(791, 'Session One: Course Overview', 15, 55),
(792, 'Session Two: Understanding AdWords Lingo ', 60, 55),
(793, 'Break', 15, 55),
(794, 'Session Three: Creating an AdWords Strategy', 75, 55),
(795, 'Session Four: Creating a PPC Campaign', 30, 55),
(796, 'Lunch', 60, 55),
(797, 'Energizer: Creating Groups', 15, 55),
(798, 'Session Five: Designing Your Ads', 90, 55),
(799, 'Session Six: Looking at Success', 90, 55),
(800, 'Workshop Wrap-Up', 15, 55),
(801, 'Course Overview', 0, 56),
(802, 'Getting to Know E-Mail Marketing', 0, 56),
(803, 'Setting Up Your Audience', 0, 56),
(804, 'The Tools', 0, 56),
(805, 'Designing Your Campaign Strategy', 0, 56),
(806, 'Crafting Messages for Each Campaign', 0, 56),
(807, 'Good Habits Get Optimal Results', 0, 56),
(808, 'What to Write', 0, 56),
(809, 'Subject Lines and Action Calls', 0, 56),
(810, 'If It Doesn’t Get Measured&cedil; It Can’t Be Counted', 0, 56),
(811, 'Test Driving', 0, 56),
(812, 'Workshop Wrap-Up', 0, 56),
(813, 'Icebreaker: Four Squares', 15, 57),
(814, 'Session One: Course Overview', 15, 57),
(815, 'Session Two: Getting Started', 45, 57),
(816, 'Session Three: Understanding the Marketing Mix', 60, 57),
(817, 'Session Four: Developing a Social Media Plan', 60, 57),
(818, 'Morning Wrap-Up', 15, 57),
(819, 'Lunch', 60, 57),
(820, 'Energizer: What Are You Doing About That?', 15, 57),
(821, 'Session Five: Building Your Social Media Team', 45, 57),
(822, 'Session Six: Using Social Media to Build Internal Communities', 45, 57),
(823, 'Session Seven: Analyzing Your Impact with Metrics ', 45, 57),
(824, 'Session Eight: Keeping on Top of the Trends', 15, 57),
(825, 'Session Nine: Damage Control', 30, 57),
(826, 'Day One Wrap-Up', 15, 57),
(827, 'Icebreaker: Word Herd', 15, 58),
(828, 'Session One: Course Overview', 15, 58),
(829, 'Session Two: Getting to Know the Web', 45, 58),
(830, 'Session Three: Tips on Creating a Site Hierarchy', 60, 58),
(831, 'Session Four: Creating Your Content', 60, 58),
(832, 'Morning Wrap-Up', 15, 58),
(833, 'Lunch', 60, 58),
(834, 'Energizer: Return to the Word', 15, 58),
(835, 'Session Five: Testing the Waters', 30, 58),
(836, 'Session Six: Deciding What’s Fit to Print', 30, 58),
(837, 'Break', 15, 58),
(838, 'Session Seven: Adding Audio and Video to Your Content', 30, 58),
(839, 'Session Eight: Getting Your Content Noticed', 75, 58),
(840, 'Workshop Wrap-Up', 15, 58),
(841, 'Icebreaker: Thunder Brains', 15, 59),
(842, 'Session One: Course Overview', 15, 59),
(843, 'Session Two: Body Language', 45, 59),
(844, 'Session Three: Give Me Some Space!', 30, 59),
(845, 'Break', 15, 59),
(846, 'Session Four: What’s Your Face Saying?', 30, 59),
(847, 'Session Five: What’s Your Body Saying?', 45, 59),
(848, 'Morning Wrap-Up', 15, 59),
(849, 'Lunch', 60, 59),
(850, 'Energizer: Alphabetize It!', 15, 59),
(851, 'Session Six: Pre-Assignment Review', 30, 59),
(852, 'Session Seven: Mirroring and Leading', 45, 59),
(853, 'Break', 15, 59),
(854, 'Session Eight: Monitoring Your Posture', 15, 59),
(855, 'Session Nine: Dressing Up', 30, 59),
(856, 'Session Ten: Shaking Hands', 15, 59),
(857, 'Session Eleven: How Are You Doing?', 30, 59),
(858, 'Workshop Wrap-Up', 15, 59),
(859, 'Icebreaker: This is Me!', 15, 60),
(860, 'Session One: Course Overview', 15, 60),
(861, 'Session Two: Defining Branding', 30, 60),
(862, 'Session Three: What Are You All About?', 75, 60),
(863, 'Session Four: Creating a Mission', 45, 60),
(864, 'Session Five: Creating a Vision of the Future', 15, 60),
(865, 'Morning Wrap-Up', 15, 60),
(866, 'Lunch', 60, 60),
(867, 'Energizer: Freeze Frame', 15, 60),
(868, 'Session Six: Positioning Your Brand', 45, 60),
(869, 'Session Seven: Developing Your Style', 30, 60),
(870, 'Break', 15, 60),
(871, 'Session Eight: Developing a Brand Name and Slogan', 45, 60),
(872, 'Session Nine: Creating a Visual Identity', 45, 60),
(873, 'Day One Wrap-Up', 15, 60),
(874, 'Icebreaker: Business Card Networks', 15, 61),
(875, 'Session One: Course Overview', 15, 61),
(876, 'Session Two: Focusing on Your Customer', 60, 61),
(877, 'Session Three: What Influences People in Forming Relationships?', 45, 61),
(878, 'Session Four: Disclosure', 15, 61),
(879, 'Session Five: How to Win Friends and Influence People', 45, 61),
(880, 'Morning Wrap-Up', 15, 61),
(881, 'Lunch', 60, 61),
(882, 'Energizer: Perfect Pairs', 15, 61),
(883, 'Session Six: Communication Skills for Relationship Selling', 45, 61),
(884, 'Break', 15, 61),
(885, 'Session Seven: Non-Verbal Messages', 15, 61),
(886, 'Session Eight: Managing the Mingling', 15, 61),
(887, 'Session Nine: The Handshake', 30, 61),
(888, 'Session Ten: Small Talk', 15, 61),
(889, 'Session Eleven: Networking', 45, 61),
(890, 'Workshop Wrap-Up', 15, 61),
(891, 'Icebreaker: Wishing You Were Somewhere Else? ', 15, 62),
(892, 'Session One: Course Overview', 15, 62),
(893, 'Session Two: What’s Missing in Telephone Communication?', 30, 62),
(894, 'Session Three: Verbal Communication Techniques', 30, 62),
(895, 'Break', 15, 62),
(896, 'Session Four: Who are Your Customers?', 30, 62),
(897, 'Session Five: To Serve and Delight', 30, 62),
(898, 'Session Six: Did You Hear Me?  ', 30, 62),
(899, 'Morning Wrap-Up', 15, 62),
(900, 'Lunch', 60, 62),
(901, 'Energizer: The Limber Voice', 15, 62),
(902, 'Session Seven: Asking the Right Questions', 30, 62),
(903, 'Session Eight: Saying No', 30, 62),
(904, 'Break', 15, 62),
(905, 'Session Nine: Sales by Phone', 30, 62),
(906, 'Session Ten: Taking Messages', 30, 62),
(907, 'Session Eleven: Staying Out of Voice Mail Jail', 30, 62),
(908, 'Session Twelve: Closing Down the Voice', 15, 62),
(909, 'Day One Wrap-Up', 15, 62),
(910, 'Icebreaker: Carrying On', 15, 63),
(911, 'Session One: Course Overview', 15, 63),
(912, 'Session Two: Customer Relationship Management', 30, 63),
(913, 'Session Three: What CRM Is and Who It Serves', 30, 63),
(914, 'Break', 15, 63),
(915, 'Session Four: Checklist for Success', 30, 63),
(916, 'Session Five: Requirement Driven Product Selection', 30, 63),
(917, 'Session Six: Considerations in Tool Selection', 30, 63),
(918, 'Morning Wrap-Up', 15, 63),
(919, 'Lunch', 60, 63),
(920, 'Energizer: Creative Compliments', 15, 63),
(921, 'Session Seven: Strategies for Customer Retention', 30, 63),
(922, 'Session Eight: Building the Future', 30, 63),
(923, 'Break', 15, 63),
(924, 'Session Nine: Homegrown vs. the Application Service Provider', 30, 63),
(925, 'Session Ten: The Development Team', 30, 63),
(926, 'Session Eleven: Evaluating and Reviewing Your Program', 45, 63),
(927, 'Workshop Wrap-Up', 15, 63),
(928, 'Icebreaker: Handy Hands', 15, 64),
(929, 'Session One: Course Overview', 15, 64),
(930, 'Session Two: Getting Down to Business', 30, 64),
(931, 'Session Three: Writing Your Proposal', 30, 64),
(932, 'Break', 15, 64),
(933, 'Session Four: Getting Thoughts on Paper', 45, 64),
(934, 'Session Five: Basic Proposal Formats', 30, 64),
(935, 'Session Six: Expert Editing Tips ', 15, 64),
(936, 'Morning Wrap-Up', 15, 64),
(937, 'Lunch', 60, 64),
(938, 'Energizer: Mixed Messages', 15, 64),
(939, 'Session Seven: The Handshake', 30, 64),
(940, 'Session Eight: Getting Ready for Your Presentation', 30, 64),
(941, 'Break', 15, 64),
(942, 'Session Nine: Elements of a Successful Presentation ', 45, 64),
(943, 'Session Ten: Dressing Appropriately', 15, 64),
(944, 'Session Eleven: Presentations', 45, 64),
(945, 'Workshop Wrap-Up', 15, 64),
(946, 'Icebreaker: Away from the Target!', 15, 65),
(947, 'Session One: Course Overview', 15, 65),
(948, 'Session Two: Building Credibility', 15, 65),
(949, 'Session Three: Your Competition', 15, 65),
(950, 'Session Four: Critical Communication Skills', 60, 65),
(951, 'Session Five: Observation Skills', 15, 65),
(952, 'Session Six: Handling Customer Complaints', 15, 65),
(953, 'Session Seven: Overcoming Objections', 45, 65),
(954, 'Morning Wrap-Up', 15, 65),
(955, 'Lunch', 60, 65),
(956, 'Energizer: Best and Worst', 15, 65),
(957, 'Session Eight: Handling Objections', 30, 65),
(958, 'Session Nine: Pricing Issues', 45, 65),
(959, 'Break', 15, 65),
(960, 'Session Ten: How Can Teamwork Help Me?', 15, 65),
(961, 'Session Eleven: Buying Signals', 15, 65),
(962, 'Session Twelve: Closing the Sale', 60, 65),
(963, 'Workshop Wrap-Up', 15, 65),
(964, 'Icebreaker: Mix and Mingle', 15, 66),
(965, 'Session One: Course Overview', 15, 66),
(966, 'Session Two: Pre-Assignment Review', 45, 66),
(967, 'Session Three: Targeting Your Market', 30, 66),
(968, 'Break', 15, 66),
(969, 'Session Four: The Prospect Dashboard', 60, 66),
(970, 'Session Five: Setting Goals', 15, 66),
(971, 'Morning Wrap-Up', 15, 66),
(972, 'Lunch', 60, 66),
(973, 'Energizer: Penny Challenge', 15, 66),
(974, 'Session Six: Why is Prospecting Important?', 15, 66),
(975, 'Session Seven: Networking ', 30, 66),
(976, 'Session Eight: Public Speaking', 15, 66),
(977, 'Break', 15, 66),
(978, 'Session Nine: Trade Shows', 30, 66),
(979, 'Session Ten: Regaining Lost Accounts', 15, 66),
(980, 'Session Eleven: Warming Up Cold Calls', 15, 66),
(981, 'Session Twelve: The 80/20 Rule', 15, 66),
(982, 'Session Thirteen: It’s Not Just A Numbers Game', 15, 66),
(983, 'Session Fourteen: Going Above and Beyond', 15, 66),
(984, 'Workshop Wrap-Up', 15, 66),
(985, 'Icebreaker: Introducing…', 15, 67),
(986, 'Session One: Course Overview', 15, 67),
(987, 'Session Two: Selling Skills ', 45, 67),
(988, 'Session Three: The Sales Cycle', 90, 67),
(989, 'Session Four: Framing Success', 30, 67),
(990, 'Lunch', 15, 67),
(991, 'Energizer: Today’s Deal!', 15, 67),
(992, 'Session Five: Setting Goals with SPIRIT!', 15, 67),
(993, 'Session Six: The Path to Efficiency', 15, 67),
(994, 'Session Seven: Customer Service', 15, 67),
(995, 'Session Eight: Selling More', 45, 67),
(996, 'Session Nine: Ten Major Mistakes', 30, 67),
(997, 'Session Ten: Finding New Clients', 45, 67),
(998, 'Session Eleven: Selling Price', 15, 67),
(999, 'Workshop Wrap-Up', 15, 67),
(1000, 'Icebreaker: Common Ground', 15, 68),
(1001, 'Session One: Course Overview', 15, 68),
(1002, 'Session Two: Pre-Assignment Review', 15, 68),
(1003, 'Session Three: Verbal Communication', 30, 68),
(1004, 'Session Four: To Serve and Delight', 60, 68),
(1005, 'Session Five: Exceptional Things about Telephone Sales', 15, 68),
(1006, 'Session Six: Building Trust', 15, 68),
(1007, 'Session Seven: It’s More Than Just a Phase', 30, 68),
(1008, 'Morning Wrap-Up', 15, 68),
(1009, 'Lunch', 60, 68),
(1010, 'Energizer: Hot Potato', 15, 68),
(1011, 'Session Eight: Communication Essentials', 45, 68),
(1012, 'Break', 15, 68),
(1013, 'Session Nine: Developing Your Script', 60, 68),
(1014, 'Session Ten: Pre-Call Planning', 15, 68),
(1015, 'Session Eleven: Phone Tag and Call Backs', 15, 68),
(1016, 'Session Twelve: Following Up', 15, 68),
(1017, 'Session Thirteen: Closing the Sale', 15, 68),
(1018, 'Workshop Wrap-Up', 15, 68),
(1019, 'Icebreaker: Pieces of the Pie', 15, 69),
(1020, 'Session One: Course Overview', 15, 69),
(1021, 'Session Two: Who Are You and What Are You About?', 75, 69),
(1022, 'Break', 15, 69),
(1023, 'Session Three: Designing Your Organizational Structure', 90, 69),
(1024, 'Lunch', 60, 69),
(1025, 'Energizer: It’s All Your Business', 15, 69),
(1026, 'Session Four: Introduction to Operations Management', 60, 69),
(1027, 'Break', 15, 69),
(1028, 'Session Five: Understanding Financial Terms', 60, 69),
(1029, 'Session Six: Getting the Right People in Place', 45, 69),
(1030, 'Day One Wrap-Up', 15, 69),
(1031, 'Icebreaker: A to Z', 15, 70),
(1032, 'Session One: Course Overview', 15, 70),
(1033, 'Session Two: What It’s All About', 15, 70),
(1034, 'Session Three: Business Building Blocks', 45, 70),
(1035, 'Session Four: Crunching the Numbers', 60, 70),
(1036, 'Session Five: Planning Your Business', 45, 70),
(1037, 'Morning Wrap-Up', 15, 70),
(1038, 'Lunch', 60, 70),
(1039, 'Energizer: Alligators and Kittens', 15, 70),
(1040, 'Session Six: Test Driving', 60, 70),
(1041, 'Session Seven: Creating a Sales and Marketing Strategy', 60, 70),
(1042, 'Session Eight: Getting the Work Done', 60, 70),
(1043, 'Workshop Wrap-Up', 15, 70),
(1044, 'Icebreaker: Associations', 15, 71),
(1045, 'Session One: Course Overview', 15, 71),
(1046, 'Session Two: How Online Businesses Can Benefit You ', 15, 71),
(1047, 'Session Three: Laying the Groundwork', 45, 71),
(1048, 'Session Four: Creating a Business Plan', 60, 71),
(1049, 'Session Five: Breaking Down the Plan', 45, 71),
(1050, 'Morning Wrap-Up', 15, 71),
(1051, 'Lunch', 60, 71),
(1052, 'Energizer: Who’s Our Leader?', 15, 71),
(1053, 'Session Six: Building Your Online Business', 135, 71),
(1054, 'Session Seven: Internet Marketing Basics', 45, 71),
(1055, 'Workshop Wrap-Up', 15, 71),
(1056, 'Icebreaker: News in You', 15, 72),
(1057, 'Session One: Course Overview', 15, 72),
(1058, 'Session Two: Key Communication Components', 45, 72),
(1059, 'Session Three: The Building Blocks', 120, 72),
(1060, 'Morning Wrap-Up', 15, 72),
(1061, 'Lunch', 60, 72),
(1062, 'Energizer: What Are You Doing About That?', 15, 72),
(1063, 'Session Four: Your Communications Plan', 90, 72),
(1064, 'Session Five: The Five C’s of a Successful Message', 60, 72),
(1065, 'Session Six: 5', 30, 72),
(1066, 'Day One Wrap-Up', 15, 72),
(1067, 'Icebreaker: Your Number’s Up!', 15, 73),
(1068, 'Session One: Course Overview', 15, 73),
(1069, 'Session Two: Getting to Know E-Commerce', 45, 73),
(1070, 'Session Three: E-Commerce Building Blocks', 75, 73),
(1071, 'Session Four: Software Options and Solutions', 45, 73),
(1072, 'Morning Wrap-Up', 15, 73),
(1073, 'Lunch', 60, 73),
(1074, 'Energizer: On the Spot ', 15, 73),
(1075, 'Session Five: Building Your Online Store', 135, 73),
(1076, 'Session Six: The Finishing Touches', 45, 73),
(1077, 'Day One Wrap-Up', 15, 73),
(1078, 'Icebreaker: What’s Your Business?', 15, 74),
(1079, 'Session One: Course Overview', 15, 74),
(1080, 'Session Two: What It Takes to Make It', 30, 74),
(1081, 'Session Three: Resources to Consider', 15, 74),
(1082, 'Session Four: Laying the Groundwork', 120, 74),
(1083, 'Morning Wrap-Up', 15, 74),
(1084, 'Lunch', 60, 74),
(1085, 'Energizer: Name Game', 15, 74),
(1086, 'Session Five: Building On Your Business Idea', 120, 74),
(1087, 'Session Six: Business Ownership Options', 60, 74),
(1088, 'Day One Wrap-Up', 15, 74),
(1089, 'Icebreaker: Brain Stretchers!', 15, 75),
(1090, 'Session One: Course Overview', 15, 75),
(1091, 'Session Two: Understanding the Global Business Environment', 120, 75),
(1092, 'Session Three: The Global Trade Market', 45, 75),
(1093, 'Morning Wrap-Up', 15, 75),
(1094, 'Lunch', 60, 75),
(1095, 'Energizer: Good Intentions', 15, 75),
(1096, 'Session Four: Products and Services', 90, 75),
(1097, 'Session Five: E-Commerce on the Global Stage', 90, 75),
(1098, 'Day One Wrap-Up', 15, 75),
(1099, 'Icebreaker: A Picture is Worth a Thousand Words', 15, 76),
(1100, 'Session One: Course Overview', 15, 76),
(1101, 'Session Two: What Is Intrapreneurship?', 15, 76),
(1102, 'Session Three: Why Is Intrapreneurship Important?', 75, 76),
(1103, 'Session Four: Characteristics of Intrapreneurs', 30, 76),
(1104, 'Session Five: Picking Your Team', 15, 76),
(1105, 'Session Six: Are You an Intrapreneur?', 30, 76),
(1106, 'Morning Wrap-Up', 15, 76),
(1107, 'Lunch', 60, 76);
INSERT INTO `outline` (`id`, `name`, `duration`, `course_id`) VALUES
(1108, 'Energizer: Create a Sentence', 15, 76),
(1109, 'Session Seven: Becoming an Intrapreneur', 15, 76),
(1110, 'Session Eight: Creating and Selling Your Ideas', 60, 76),
(1111, 'Break', 15, 76),
(1112, 'Session Nine: Pre-Assignment Review', 60, 76),
(1113, 'Session Ten: The Implementation Plan', 30, 76),
(1114, 'Workshop Wrap-Up', 15, 76),
(1115, 'Icebreaker: Getting Down to Business', 15, 77),
(1116, 'Session One: Course Overview', 15, 77),
(1117, 'Session Two: What Is Crowdsourcing?', 75, 77),
(1118, 'Session Three: The Crowdsourcing Process', 60, 77),
(1119, 'Session Four: Choosing Your Crowdsourcing Platform', 30, 77),
(1120, 'Morning Wrap-Up', 15, 77),
(1121, 'Lunch', 60, 77),
(1122, 'Energizer: At the Circus', 15, 77),
(1123, 'Session Five: Types of Crowdsourcing', 120, 77),
(1124, 'Session Six: Social Media and Crowdsourcing', 15, 77),
(1125, 'Session Seven: Engaging the Crowd', 15, 77),
(1126, 'Session Eight: Test Driving', 30, 77),
(1127, 'Workshop Wrap-Up', 15, 77),
(1128, 'Icebreaker: Marketing 101', 15, 78),
(1129, 'Session One: Course Overview', 15, 78),
(1130, 'Session Two: Marketing for Small Business', 45, 78),
(1131, 'Session Three: Elements of a Successful Marketing Message', 120, 78),
(1132, 'Morning Wrap-Up', 15, 78),
(1133, 'Lunch', 60, 78),
(1134, 'Energizer: Balanced Lives', 15, 78),
(1135, 'Session Four: The Marketing Cycle in Small Business', 180, 78),
(1136, 'Day One Wrap-Up', 15, 78),
(1137, 'Icebreaker: Breaking It In', 15, 79),
(1138, 'Session One: Course Overview', 15, 79),
(1139, 'Session Two: What is a Business Plan For? ', 15, 79),
(1140, 'Session Three: A General Business Plan Framework', 45, 79),
(1141, 'Break ', 15, 79),
(1142, 'Session Four: Identifying Your Audience', 45, 79),
(1143, 'Session Five: Gathering and Analyzing Information', 45, 79),
(1144, 'Morning Wrap-Up', 15, 79),
(1145, 'Lunch', 60, 79),
(1146, 'Energizer: Unscramble', 15, 79),
(1147, 'Session Six: Defining Your Company', 120, 79),
(1148, 'Session Seven: Getting to Work', 60, 79),
(1149, 'Day One Wrap-Up', 15, 79),
(1150, 'Icebreaker: Would You Believe….', 15, 80),
(1151, 'Session One: Course Overview', 15, 80),
(1152, 'Session Two: Choosing the Project Team', 60, 80),
(1153, 'Session Three: Building a Winning Team', 30, 80),
(1154, 'Break', 15, 80),
(1155, 'Session Four: Managing Team Meetings', 45, 80),
(1156, 'Session Five: Easy Ways to Reward Your Team', 15, 80),
(1157, 'Morning Wrap-Up', 15, 80),
(1158, 'Lunch', 60, 80),
(1159, 'Energizer: Think Fast!', 15, 80),
(1160, 'Session Six: Developing a Communication Plan', 45, 80),
(1161, 'Session Seven: Communicating with Sponsors and Executives', 75, 80),
(1162, 'Session Eight: Dealing with Problem Team Members', 60, 80),
(1163, 'Workshop Wrap-Up', 15, 80),
(1164, 'Icebreaker: In This Corner', 15, 81),
(1165, 'Session One: Course Overview', 15, 81),
(1166, 'Session Two: Finance Jeopardy', 30, 81),
(1167, 'Session Three: The Fundamentals of Finance', 75, 81),
(1168, 'Session Four: The Basics of Budgeting', 45, 81),
(1169, 'Session Five: Parts of a Budget', 15, 81),
(1170, 'Morning Wrap-Up', 15, 81),
(1171, 'Lunch', 60, 81),
(1172, 'Energizer: Auction Antics', 30, 81),
(1173, 'Session Six: The Budgeting Process', 165, 81),
(1174, 'Day One Wrap-Up', 15, 81),
(1175, 'Icebreaker: Generation Gap ', 15, 82),
(1176, 'Session One: Course Overview', 15, 82),
(1177, 'Session Two: About the Learning Organization', 30, 82),
(1178, 'Session Three: Achieving Personal Mastery', 75, 82),
(1179, 'Session Four: Analyzing Our Mental Models', 15, 82),
(1180, 'Session Five: Achieving a Shared Vision', 15, 82),
(1181, 'Session Six: Team Learning', 15, 82),
(1182, 'Session Seven: Systems Thinking', 15, 82),
(1183, 'Morning Wrap-Up', 15, 82),
(1184, 'Lunch', 60, 82),
(1185, 'Energizer: Around the World', 15, 82),
(1186, 'Session Eight: Understanding Leadership', 75, 82),
(1187, 'Break', 15, 82),
(1188, 'Session Nine: Five Practices', 90, 82),
(1189, 'Day One Wrap-Up', 15, 82),
(1190, 'Icebreaker: Vegetable Garden', 15, 83),
(1191, 'Session One: Course Overview', 15, 83),
(1192, 'Session Two: Defining Coaching and Mentoring', 75, 83),
(1193, 'Break', 15, 83),
(1194, 'Session Three: Coaching Assessment Review ', 30, 83),
(1195, 'Session Four: Interpersonal Communication Skills', 60, 83),
(1196, 'Lunch', 60, 83),
(1197, 'Energizer: Happy Hats', 15, 83),
(1198, 'Session Five: Critical Coaching Skills', 30, 83),
(1199, 'Session Six: Setting Goals with SPIRIT ', 30, 83),
(1200, 'Session Seven: Learning Styles and Principles', 15, 83),
(1201, 'Break', 15, 83),
(1202, 'Session Eight: The Benefits/Consequences Matrix', 15, 83),
(1203, 'Session Nine: Skills Involved in Coaching', 30, 83),
(1204, 'Session Ten: The Coaching Model', 15, 83),
(1205, 'Session Eleven: Giving Effective Feedback', 15, 83),
(1206, 'Session Twelve: Coaching Problems and Solutions', 15, 83),
(1207, 'Workshop Wrap-Up', 15, 83),
(1208, 'Icebreaker: Away from the Target! ', 15, 84),
(1209, 'Session One: Course Overview', 15, 84),
(1210, 'Session Two: Event Planning Essentials', 45, 84),
(1211, 'Session Three: Budgeting Basics', 45, 84),
(1212, 'Break', 15, 84),
(1213, 'Session Four: Using the Committee Approach', 30, 84),
(1214, 'Session Five: Connecting with Partners and Sponsors', 30, 84),
(1215, 'Morning Wrap-Up', 15, 84),
(1216, 'Lunch', 60, 84),
(1217, 'Energizer: All Together Now', 15, 84),
(1218, 'Session Six: Advertising and Marketing', 45, 84),
(1219, 'Session Seven: Selecting the Venue', 30, 84),
(1220, 'Break', 15, 84),
(1221, 'Session Eight: Feeding the Masses', 45, 84),
(1222, 'Session Nine: Business Etiquette Basics', 45, 84),
(1223, 'Day One Wrap-Up ', 15, 84),
(1224, '1.Course Overview', 0, 85),
(1225, '2.What’s In A Word? ', 0, 85),
(1226, '3.Fundamental Elements', 0, 85),
(1227, '4.The Four-I Model of Organizational Conversation ', 0, 85),
(1228, '5.The Conversational Leadership Framework', 0, 85),
(1229, '6.World Café ', 0, 85),
(1230, 'Icebreaker: Spinning a Tale', 15, 86),
(1231, 'Session One: Course Overview', 15, 86),
(1232, 'Session Two: Why Delegate?', 30, 86),
(1233, 'Session Three: What is Delegation?', 45, 86),
(1234, 'Session Four: Pre-Assignment Review', 15, 86),
(1235, 'Break', 15, 86),
(1236, 'Session Five: Picking the Right Person', 15, 86),
(1237, 'Session Six: The Delegation Meeting', 15, 86),
(1238, 'Session Seven: Putting it into Practice', 30, 86),
(1239, 'Morning Wrap-Up', 15, 86),
(1240, 'Lunch', 60, 86),
(1241, 'Energizer: Simon Says', 10, 86),
(1242, 'Session Eight: Giving Instructions', 35, 86),
(1243, 'Session Nine: Monitoring Delegation', 15, 86),
(1244, 'Break', 15, 86),
(1245, 'Session Ten: Practicing Delegation', 75, 86),
(1246, 'Session Eleven: Giving Feedback', 30, 86),
(1247, 'Session Twelve: Becoming a Good Delegator', 15, 86),
(1248, 'Workshop Wrap-Up', 15, 86),
(1249, 'Icebreaker: 30 Seconds', 15, 87),
(1250, 'Session One: Course Overview', 15, 87),
(1251, 'Session Two: Projects and Schedules', 15, 87),
(1252, 'Session Three: The Work Breakdown Structure (WBS)', 135, 87),
(1253, 'Session Four: Estimating Activity Durations', 15, 87),
(1254, 'Morning Wrap-Up', 15, 87),
(1255, 'Lunch', 60, 87),
(1256, 'Energizer: Fuzzy Meanings', 15, 87),
(1257, 'Session Five: Camping Case Study', 30, 87),
(1258, 'Session Six: Identifying Task Dependencies', 90, 87),
(1259, 'Session Seven: Aligning Resources with Activities', 60, 87),
(1260, 'Day One Wrap-Up', 15, 87),
(1261, 'Icebreaker: Away from the Target! ', 15, 88),
(1262, 'Session One: Course Overview', 15, 88),
(1263, 'Session Two: Definitions', 45, 88),
(1264, 'Session Three: Speaking Clearly', 60, 88),
(1265, 'Session Four: 5', 60, 88),
(1266, 'Morning Wrap-Up', 15, 88),
(1267, 'Lunch', 60, 88),
(1268, 'Energizer: It’s Funny Out There!', 15, 88),
(1269, 'Session Five: Characteristics of Effective Feedback', 120, 88),
(1270, 'Session Six: Receiving Feedback Graciously', 15, 88),
(1271, 'Session Seven: Testing the Waters', 45, 88),
(1272, 'Workshop Wrap-Up', 15, 88),
(1273, 'Icebreaker: Name Tag Introduction', 15, 89),
(1274, 'Session One: Course Overview', 15, 89),
(1275, 'Session Two: Defining Human Resources', 60, 89),
(1276, 'Session Three: Performing a Skills Inventory', 15, 89),
(1277, 'Break', 15, 89),
(1278, 'Session Four: Forecasting Techniques', 15, 89),
(1279, 'Session Five: Job Analysis', 60, 89),
(1280, 'Morning Wrap-Up', 15, 89),
(1281, 'Lunch', 60, 89),
(1282, 'Energizer: Magic Wands', 15, 89),
(1283, 'Session Six: Identifying Job Competencies', 15, 89),
(1284, 'Session Seven: Position Profiles and Job Descriptions', 30, 89),
(1285, 'Session Eight: Do You Really Need to Hire?', 60, 89),
(1286, 'Session Nine: Finding Candidates', 15, 89),
(1287, 'Session Ten: Advertising Guidelines', 15, 89),
(1288, 'Session Eleven: Screening Resumes', 45, 89),
(1289, 'Day One Wrap-Up', 15, 89),
(1290, 'Icebreaker: At the Zoo', 15, 90),
(1291, 'Session One: Course Overview', 15, 90),
(1292, 'Session Two: What Really Needs to be Done?', 60, 90),
(1293, 'Break', 15, 90),
(1294, 'Session Three: The Work Breakdown Structure', 15, 90),
(1295, 'Session Four: Scheduling Techniques', 90, 90),
(1296, 'Lunch', 60, 90),
(1297, 'Energizer: Secret Identity', 15, 90),
(1298, 'Session Five: Budgeting Tips and Tricks', 60, 90),
(1299, 'Break', 15, 90),
(1300, 'Session Six: Assessing Project Risks', 15, 90),
(1301, 'Session Seven: Preparing the Final Plan', 15, 90),
(1302, 'Session Eight: Making it Fit', 30, 90),
(1303, 'Session Nine: The Execution Phase', 15, 90),
(1304, 'Session Ten: Controlling Changes ', 15, 90),
(1305, 'Session Eleven: Closing Out a Project', 15, 90),
(1306, 'Workshop Wrap-Up', 15, 90),
(1307, 'Icebreaker: Vegetable Garden', 15, 91),
(1308, 'Session One: Course Overview', 15, 91),
(1309, 'Session Two: What is Inventory?', 30, 91),
(1310, 'Session Three: Types of Inventory', 15, 91),
(1311, 'Session Four: Key Players', 15, 91),
(1312, 'Session Five: Setting up the Warehouse', 90, 91),
(1313, 'Session Six: What Makes a Good Inventory Management System?', 15, 91),
(1314, 'Morning Wrap-Up', 15, 91),
(1315, 'Lunch', 60, 91),
(1316, 'Energizer: Egg&cedil; Chicken&cedil; Dinosaur', 15, 91),
(1317, 'Session Seven: The Warehouse Inventory Cycle', 15, 91),
(1318, 'Session Eight: Identifying Demand', 45, 91),
(1319, 'Break', 15, 91),
(1320, 'Session Nine: The Receiving Process', 15, 91),
(1321, 'Session Ten: Validating Inventory', 15, 91),
(1322, 'Session Eleven: The Put-Away Process', 15, 91),
(1323, 'Session Twelve: Maintaining Inventory Accuracy', 15, 91),
(1324, 'Session Thirteen: The Outbound Process', 30, 91),
(1325, 'Session Fourteen: Industry Trends', 15, 91),
(1326, 'Workshop Wrap-Up', 15, 91),
(1327, 'Icebreaker: Spinning a Tale', 15, 92),
(1328, 'Session One: Course Overview', 15, 92),
(1329, 'Session Two: Pre-Assignment Review', 15, 92),
(1330, 'Session Three: What’s Your Type? How About Mine?', 90, 92),
(1331, 'Session Four: Understanding Leadership', 45, 92),
(1332, 'Session Five: Manage Your Time and Your Energy', 15, 92),
(1333, 'Morning Wrap-Up', 15, 92),
(1334, 'Lunch', 60, 92),
(1335, 'Energizer: Wishing You Were Somewhere Else?', 15, 92),
(1336, 'Session Six: The Commitment Curve', 30, 92),
(1337, 'Session Seven: Employee Development Models', 90, 92),
(1338, 'Session Eight: Dealing with Conflict and Difficult Issues', 30, 92),
(1339, 'Session Nine: What Successful Leaders Do', 30, 92),
(1340, 'Workshop Wrap-Up', 15, 92),
(1341, 'Icebreaker: Joint Interests  ', 15, 93),
(1342, 'Session One: Course Overview', 15, 93),
(1343, 'Session Two: Getting Started', 30, 93),
(1344, 'Session Three: The Evolution of the Supply Chain', 30, 93),
(1345, 'Session Four: The Basic Supply Chain Structure', 105, 93),
(1346, 'Morning Wrap-Up', 15, 93),
(1347, 'Lunch', 60, 93),
(1348, 'Energizer: What Are You Doing?', 15, 93),
(1349, 'Session Five: Supply Chain Drivers', 45, 93),
(1350, 'Session Six: Aligning Your Supply Chain with Business Strategy', 105, 93),
(1351, 'Session Seven: Managing Supply Chain Risks', 30, 93),
(1352, 'Day One Wrap-Up', 15, 93),
(1353, 'Icebreaker: Come On Over!', 15, 94),
(1354, 'Session One: Course Overview', 15, 94),
(1355, 'Session Two: What Is Culture?', 60, 94),
(1356, 'Session Three: Communicating Effectively', 105, 94),
(1357, 'Morning Wrap-Up', 15, 94),
(1358, 'Lunch', 60, 94),
(1359, 'Energizer: Bunkum Bosh', 15, 94),
(1360, 'Session Four: Team Building Across Cultures', 30, 94),
(1361, 'Session Five: Managing Across Cultures', 120, 94),
(1362, 'Session Six: Building a Multicultural Organization', 30, 94),
(1363, 'Session Seven: Working with the Global Talent Pool', 15, 94),
(1364, 'Workshop Wrap-Up', 15, 94),
(1365, 'Icebreaker: Paperclip Confessions', 15, 95),
(1366, 'Session One: Course Overview', 15, 95),
(1367, 'Session Two: Choosing to Have the Conversation  ', 60, 95),
(1368, 'Break', 15, 95),
(1369, 'Session Three: Toolkit for Successful Conversations', 75, 95),
(1370, 'Session Four: Choosing the Time and Place', 15, 95),
(1371, 'Morning Wrap-Up', 15, 95),
(1372, 'Lunch', 60, 95),
(1373, 'Energizer: Simon Says!', 15, 95),
(1374, 'Session Five: Framework for Difficult Conversations', 105, 95),
(1375, 'Session Six: Staying Safe', 30, 95),
(1376, 'Session Seven: Testing the Waters', 45, 95),
(1377, 'Workshop Wrap-Up', 15, 95),
(1378, 'Icebreaker: Sing With Me', 15, 96),
(1379, 'Session One: Course Overview', 15, 96),
(1380, 'Session Two: Defining the Virtual Workplace', 15, 96),
(1381, 'Session Three: Creating Virtual Workplace Programs', 120, 96),
(1382, 'Session Four: Technology Tips and Tricks', 30, 96),
(1383, 'Morning Wrap-Up', 15, 96),
(1384, 'Lunch', 60, 96),
(1385, 'Energizer: On A Journey', 15, 96),
(1386, 'Session Five: Building Virtual Teams', 75, 96),
(1387, 'Break', 15, 96),
(1388, 'Session Six: Leading Virtual Team Meetings', 45, 96),
(1389, 'Session Seven: Working with Cross-Cultural Teams', 15, 96),
(1390, 'Session Eight: Virtual Leadership Strategies', 30, 96),
(1391, 'Workshop Wrap-Up', 15, 96),
(1392, 'Icebreaker: Bingo', 15, 97),
(1393, 'Session One: Course Overview', 15, 97),
(1394, 'Session Two: Pre-Assignment Review', 15, 97),
(1395, 'Session Three: Defining Marketing', 15, 97),
(1396, 'Session Four: Recognizing Trends', 15, 97),
(1397, 'Session Five: Doing Market Research', 15, 97),
(1398, 'Break', 15, 97),
(1399, 'Session Six: Strategies for Success', 75, 97),
(1400, 'Session Seven: Mission Statements', 15, 97),
(1401, 'Morning Wrap-Up', 15, 97),
(1402, 'Lunch', 60, 97),
(1403, 'Energizer: Bunkum Bosh', 15, 97),
(1404, 'Session Eight: Brochures', 15, 97),
(1405, 'Session Nine: Trade Shows', 45, 97),
(1406, 'Break', 15, 97),
(1407, 'Session Ten: Developing a Marketing Plan', 45, 97),
(1408, 'Session Eleven: Increasing Business', 15, 97),
(1409, 'Session Twelve: Saying No to New Business', 15, 97),
(1410, 'Session Thirteen: Advertising Myths', 15, 97),
(1411, 'Session Fourteen: Networking Tips', 15, 97),
(1412, 'Workshop Wrap-Up', 15, 97),
(1413, 'Icebreaker: Mixing Up the Modifiers', 15, 98),
(1414, 'Session One: Course Overview', 15, 98),
(1415, 'Session Two: The Basics for Effective Meetings', 15, 98),
(1416, 'Session Three: The Best and the Worst of Meetings', 30, 98),
(1417, 'Session Four: Holding Productive Meetings', 45, 98),
(1418, 'Break', 15, 98),
(1419, 'Session Five: Preparing for Meetings', 15, 98),
(1420, 'Session Six: Agendas', 30, 98),
(1421, 'Session Seven: Setting the Place', 15, 98),
(1422, 'Morning Wrap-Up', 15, 98),
(1423, 'Lunch', 60, 98),
(1424, 'Energizer: Freeze Frame', 15, 98),
(1425, 'Session Eight: Leading a Meeting', 60, 98),
(1426, 'Break', 15, 98),
(1427, 'Session Nine: Process and Content', 60, 98),
(1428, 'Session Ten: How to Control a Meeting', 30, 98),
(1429, 'Session Eleven: A Plan for Success', 15, 98),
(1430, 'Workshop Wrap-Up', 15, 98),
(1431, 'Icebreaker: Can You Stand It? ', 15, 99),
(1432, 'Session One: Course Overview', 15, 99),
(1433, 'Session Two: What is Motivation?', 15, 99),
(1434, 'Session Three: Supervising and Motivation', 45, 99),
(1435, 'Session Four: Motivational Theories', 45, 99),
(1436, 'Session Five: Setting Goals', 30, 99),
(1437, 'Session Six: The Role of Values', 30, 99),
(1438, 'Morning Wrap-Up', 15, 99),
(1439, 'Lunch', 60, 99),
(1440, 'Energizer: Count Me In!', 15, 99),
(1441, 'Session Seven: Creating a Motivational Climate', 45, 99),
(1442, 'Break', 15, 99),
(1443, 'Session Eight: Applying Your Skills', 60, 99),
(1444, 'Session Nine: Designing Motivating Jobs', 60, 99),
(1445, 'Workshop Wrap-Up', 15, 99),
(1446, 'Icebreaker: Mixing Up the Modifiers', 15, 100),
(1447, 'Session One: Course Overview', 15, 100),
(1448, 'Session Two: What is Negotiation?', 75, 100),
(1449, 'Break', 15, 100),
(1450, 'Session Three: The Successful Negotiator', 80, 100),
(1451, 'Morning Wrap-Up', 10, 100),
(1452, 'Lunch', 60, 100),
(1453, 'Energizer: I’ve Got Your Back', 15, 100),
(1454, 'Session Four: Preparing for Negotiation', 120, 100),
(1455, 'Session Five: The Nuts and Bolts', 60, 100),
(1456, 'Day One Wrap-Up', 15, 100),
(1457, 'Icebreaker: Passing Introductions', 15, 101),
(1458, 'Session One: Course Overview', 15, 101),
(1459, 'Session Two: Defining Projects and Project Management', 15, 101),
(1460, 'Session Three: The Role of a Project Manager', 15, 101),
(1461, 'Session Four: Pre-Assignment Review', 15, 101),
(1462, 'Session Five: How Can Projects Help Me?', 60, 101),
(1463, 'Session Six: A Project’s Life Cycle', 45, 101),
(1464, 'Session Seven: Selling a Project', 30, 101),
(1465, 'Lunch', 60, 101),
(1466, 'Energizer: Jelly Bean War!', 15, 101),
(1467, 'Session Eight: Creating a Vision', 45, 101),
(1468, 'Break', 15, 101),
(1469, 'Session Nine: Project Goals', 30, 101),
(1470, 'Session Ten: Using a Target Chart', 15, 101),
(1471, 'Session Eleven: Preparing Your Project', 30, 101),
(1472, 'Session Twelve: Laying Out the Project', 45, 101),
(1473, 'Workshop Wrap-Up', 15, 101),
(1474, 'Icebreaker: This is Me!', 15, 102),
(1475, 'Session One: Course Overview', 15, 102),
(1476, 'Session Two: What is a Project?', 15, 102),
(1477, 'Session Three: Project Management Basics', 15, 102),
(1478, 'Session Four: Pre-Assignment Review', 15, 102),
(1479, 'Session Five: How Can Projects Help Me?', 60, 102),
(1480, 'Session Six: A Project’s Life Cycle', 45, 102),
(1481, 'Session Seven: Selling a Project', 20, 102),
(1482, 'Morning Wrap-Up', 10, 102),
(1483, 'Lunch', 60, 102),
(1484, 'Energizer: Alien Architect', 15, 102),
(1485, 'Session Eight: Preparing Your Project', 30, 102),
(1486, 'Session Nine: The Role of a Project Manager', 45, 102),
(1487, 'Break', 15, 102),
(1488, 'Session Ten: Project Goals', 15, 102),
(1489, 'Session Eleven: Laying Out the Project', 75, 102),
(1490, 'Day One Wrap-Up', 15, 102),
(1491, 'Icebreaker: Hot Potato', 15, 103),
(1492, 'Session One: Course Overview', 15, 103),
(1493, 'Session Two: Understanding Risk', 45, 103),
(1494, 'Session Three: Risk Management Activities', 15, 103),
(1495, 'Break', 15, 103),
(1496, 'Session Four: Assessing Risk', 45, 103),
(1497, 'Session Five: Responding to Risks', 45, 103),
(1498, 'Morning Wrap-Up', 15, 103),
(1499, 'Lunch', 60, 103),
(1500, 'Energizer: Alphabetize It!', 15, 103),
(1501, 'Session Six: Resourcing Controls', 45, 103),
(1502, 'Session Seven: Reaction Planning', 60, 103),
(1503, 'Session Eight: Reporting and Monitoring', 30, 103),
(1504, 'Session Nine: Reviewing and Evaluating the Framework', 45, 103),
(1505, 'Workshop Wrap-Up', 15, 103),
(1506, 'Icebreaker: Does it Suit You?', 15, 104),
(1507, 'Session One: Course Overview', 15, 104),
(1508, 'Session Two: Organizations Today', 15, 104),
(1509, 'Session Three: Types of Teams', 15, 104),
(1510, 'Session Four: Team Norms', 15, 104),
(1511, 'Session Five: The TORI Team Building Model', 90, 104),
(1512, 'Session Six: A Team’s Activities', 30, 104),
(1513, 'Morning Wrap-Up', 15, 104),
(1514, 'Lunch', 60, 104),
(1515, 'Energizer: First or Worst ', 15, 104),
(1516, 'Session Seven: The Five Stages of Team Development', 45, 104),
(1517, 'Break', 15, 104),
(1518, 'Session Eight: Characteristics of Great Teams', 45, 104),
(1519, 'Session Nine: Civilized Disagreements and Consensus', 60, 104),
(1520, 'Session Ten: Open Communication', 15, 104),
(1521, 'Day One Wrap-Up', 15, 104),
(1522, 'Icebreaker: Home Team', 15, 105),
(1523, 'Session One: Course Overview', 15, 105),
(1524, 'Session Two: Pre-Assignment Review', 30, 105),
(1525, 'Session Three: Making the Transition', 45, 105),
(1526, 'Break', 15, 105),
(1527, 'Session Four: Responsibilities of a Supervisor', 30, 105),
(1528, 'Session Five: Key Behaviors and Attitudes', 45, 105),
(1529, 'Morning Wrap-Up', 15, 105),
(1530, 'Lunch', 60, 105),
(1531, 'Energizer: Follow the Leader', 30, 105),
(1532, 'Session Six: Setting Goals', 30, 105),
(1533, 'Session Seven: Planning for Success', 90, 105),
(1534, 'Session Eight: Active Listening Techniques', 45, 105),
(1535, 'Day One Wrap-Up ', 15, 105),
(1536, 'Icebreaker: At the Zoo', 15, 106),
(1537, 'Session One: Course Overview', 15, 106),
(1538, 'Session Two: Adjusting to Your Role', 45, 106),
(1539, 'Session Three: A Supervisor’s Responsibilities', 30, 106),
(1540, 'Session Four: Action-Centered Leadership', 30, 106),
(1541, 'Morning Wrap-Up', 15, 106),
(1542, 'Lunch', 60, 106),
(1543, 'Energizer: Blanket Ball', 15, 106),
(1544, 'Session Five: Making Plans', 75, 106),
(1545, 'Break', 15, 106),
(1546, 'Session Six: Setting Goals', 15, 106),
(1547, 'Session Seven: Defining Leadership', 75, 106),
(1548, 'Day One Wrap-Up', 15, 106),
(1549, 'Icebreaker: Pop Quiz', 15, 107),
(1550, 'Session One: Course Overview', 15, 107),
(1551, 'Session Two: Let’s Talk About It!', 15, 107),
(1552, 'Session Three: Guidelines for Difficult Conversations', 60, 107),
(1553, 'Break', 15, 107),
(1554, 'Session Four: Overcoming Objections', 45, 107),
(1555, 'Session Five: Bad Hair Days (And Week…and Months…)', 15, 107),
(1556, 'Session Six: Addressing Piercings and Body Artwork', 15, 107),
(1557, 'Morning Wrap-Up', 15, 107),
(1558, 'Lunch', 60, 107),
(1559, 'Energizer: All Together Now', 15, 107),
(1560, 'Session Seven: Helping Employees Dress for Success', 15, 107),
(1561, 'Session Eight: Bad Breath', 15, 107),
(1562, 'Session Nine: Body Odor', 30, 107),
(1563, 'Break', 15, 107),
(1564, 'Session Ten: Gastrointestinal Issues', 15, 107),
(1565, 'Session Eleven: Bad Habits', 30, 107),
(1566, 'Session Twelve: Putting it into Practice', 60, 107),
(1567, 'Workshop Wrap-Up', 15, 107),
(1568, 'Icebreaker: Spinning a Tale', 15, 108),
(1569, 'Session One: Course Overview', 15, 108),
(1570, 'Session Two: Preparing to Learn', 60, 108),
(1571, 'Break', 15, 108),
(1572, 'Session Three: Understanding Learning', 45, 108),
(1573, 'Session Four: Competencies for Adult Educators', 45, 108),
(1574, 'Morning Wrap-Up', 15, 108),
(1575, 'Lunch', 60, 108),
(1576, 'Energizer: Dress the Mummy', 15, 108),
(1577, 'Session Five: Accommodating Learning Preferences', 60, 108),
(1578, 'Break', 15, 108),
(1579, 'Session Six: Increasing Your Expertise', 60, 108),
(1580, 'Session Seven: Using Existing Materials', 45, 108),
(1581, 'Day One Wrap-Up', 15, 108),
(1582, '1.Course Overview', 0, 109),
(1583, '2.A Closer Look at the Training Needs Analysis', 0, 109),
(1584, '3.Collecting Data', 0, 109),
(1585, '4.Diving Deeper Into the Data', 0, 109),
(1586, '5.Creating the Report', 0, 109),
(1587, '6.Taking Action', 0, 109),
(1588, 'Session One: Course Overview', 15, 110),
(1589, 'Icebreaker: In Today’s Forecast…', 15, 110),
(1590, 'Session Two: Program Design', 45, 110),
(1591, 'Session Three: Identifying Needs', 60, 110),
(1592, 'Morning Wrap-Up', 15, 110),
(1593, 'Lunch', 60, 110),
(1594, 'Energizer: Egg&cedil; Chicken&cedil; Dinosaur ', 15, 110),
(1595, 'Session Four: The Training Model', 60, 110),
(1596, 'Break', 15, 110),
(1597, 'Session Five: The Program’s Basic Outline ', 45, 110),
(1598, 'Session Six: Evaluation Strategies', 60, 110),
(1599, 'Day One Wrap-Up', 15, 110),
(1600, 'Icebreaker: Vegetable Garden', 15, 111),
(1601, 'Session One: Course Overview', 15, 111),
(1602, 'Session Two: Defining Your Role', 45, 111),
(1603, 'Session Three: How Facilitators Work', 30, 111),
(1604, 'Session Four: Establishing Ground Rules', 15, 111),
(1605, 'Break', 15, 111),
(1606, 'Session Five: Content and Process', 15, 111),
(1607, 'Session Six: Types of Thinking', 45, 111),
(1608, 'Morning Wrap-Up', 15, 111),
(1609, 'Lunch', 60, 111),
(1610, 'Energizer: Think Fast! ', 15, 111),
(1611, 'Session Seven: Handling Controversial Issues', 15, 111),
(1612, 'Session Eight: Communication Skills', 60, 111),
(1613, 'Break', 15, 111),
(1614, 'Session Nine: Listening for Common Ground', 15, 111),
(1615, 'Session Ten: Common Facilitation Techniques', 75, 111),
(1616, 'Day One Wrap-Up', 15, 111),
(1617, 'Icebreaker: Brainstorm Race!', 15, 112),
(1618, 'Session One: Course Overview', 15, 112),
(1619, 'Session Two: Five Strategies for Stickiness', 60, 112),
(1620, 'Session Three: Designing a Program that Will Stick', 60, 112),
(1621, 'Session Four: Teaching Tips and Tricks', 45, 112),
(1622, 'Morning Wrap-Up', 15, 112),
(1623, 'Lunch', 60, 112),
(1624, 'Energizer: Story Time!', 15, 112),
(1625, 'Session Five: What Method is the Stickiest', 45, 112),
(1626, 'Session Six: Following Up', 60, 112),
(1627, 'Break ', 15, 112),
(1628, 'Session Seven: Strategies for Taking Training Further ', 60, 112),
(1629, 'Workshop Wrap-Up', 15, 112),
(1630, '1.Course Overview', 0, 113),
(1631, '2.Setting the Framework', 0, 113),
(1632, '3.Pre-Assignment Review ', 0, 113),
(1633, '4.Kirkpatrick’s Evaluation Model ', 0, 113),
(1634, '5.The Return on Investment ', 0, 113),
(1635, '6.Presenting Training Results', 0, 113),
(1636, 'Icebreaker: Would You Believe…', 15, 114),
(1637, 'Session One: Course Overview', 15, 114),
(1638, 'Session Two: What Makes a Good Trainer?', 45, 114),
(1639, 'Session Three: Personal Best&cedil; Professional Best', 15, 114),
(1640, 'Session Four: Being Genuine', 15, 114),
(1641, 'Break', 15, 114),
(1642, 'Session Five: Assertiveness Skills', 15, 114),
(1643, 'Session Six: Asking the Right Questions ', 60, 114),
(1644, 'Morning Wrap-Up', 15, 114),
(1645, 'Lunch', 60, 114),
(1646, 'Energizer: Alphabetize It!', 15, 114),
(1647, 'Session Seven: Listening Skills', 60, 114),
(1648, 'Break', 15, 114),
(1649, 'Session Eight: Connecting With People', 45, 114),
(1650, 'Session Nine: Defusing Difficult Participants', 15, 114),
(1651, 'Session Ten: Essentials for Success', 30, 114),
(1652, 'Session Eleven: Do’s and Don’ts for New Trainers', 15, 114),
(1653, 'Workshop Wrap-Up', 15, 114),
(1654, 'Icebreaker: Home Team', 15, 115),
(1655, 'Session One: Course Overview', 15, 115),
(1656, 'Session Two: Defining a Successful Training Program', 60, 115),
(1657, 'Session Three: What Makes a Successful Trainer? ', 60, 115),
(1658, 'Session Four: A Word About Adult Learning', 30, 115),
(1659, 'Session Five: The Learning Process', 15, 115),
(1660, 'Morning Wrap-Up', 15, 115),
(1661, 'Lunch', 60, 115),
(1662, 'Energizer: The Last Word', 15, 115),
(1663, 'Session Six: Principles of Adult Learning', 60, 115),
(1664, 'Session Seven: What’s Your Type? How About Mine? ', 120, 115),
(1665, 'Day One Wrap-Up ', 15, 115),
(1666, '1.Course Overview', 0, 116),
(1667, '2.How Storytelling Can Boost Your Training Power', 0, 116),
(1668, '3.The Elements of a Powerful Story ', 0, 116),
(1669, '4.Storyboarding Techniques', 0, 116),
(1670, '5.Bringing the Story to Life', 0, 116),
(1671, '6.Tools and Technology', 0, 116),
(1672, 'Icebreaker: Bingo Blaster', 15, 117),
(1673, 'Session One: Course Overview', 15, 117),
(1674, 'Session Two: Let’s Have Some Fun!', 45, 117),
(1675, 'Session Three: Getting Everyone on Board', 30, 117),
(1676, 'Break', 15, 117),
(1677, 'Session Four: Choosing the Right Game', 45, 117),
(1678, 'Session Five: When Games Go Badly', 30, 117),
(1679, 'Morning Wrap-Up', 15, 117),
(1680, 'Lunch', 60, 117),
(1681, 'Energizer: Penny Challenge', 15, 117),
(1682, 'Session Six: Using Humor in Training', 30, 117),
(1683, 'Session Seven: Wavy Lines', 15, 117),
(1684, 'Session Eight: Quick and Easy Games', 75, 117),
(1685, 'Session Nine: Creating a Game', 60, 117),
(1686, 'Workshop Wrap-Up', 15, 117),
(1687, 'Icebreaker: Yarning Along', 15, 118),
(1688, 'Session One: Course Overview', 15, 118),
(1689, 'Session Two: Understanding the Balanced Scorecard', 30, 118),
(1690, 'Session Three: The Ingredients for Success', 45, 118),
(1691, 'Break', 15, 118),
(1692, 'Session Four: Overview of the Balanced Scorecard Process', 15, 118),
(1693, 'Morning Wrap-Up', 15, 118),
(1694, 'Lunch', 60, 118),
(1695, 'Energizer: Think Fast!', 15, 118),
(1696, 'Session Five: Creating a Project Vision Statement', 45, 118),
(1697, 'Session Six: Understanding Organizational Mission&cedil; Vision&cedil; and Values', 60, 118),
(1698, 'Session Seven: Plans and Processes to Build', 60, 118),
(1699, 'Session Eight: Building Balanced Scorecard Teams', 15, 118),
(1700, 'Workshop Wrap-Up', 15, 118),
(1701, 'Icebreaker: Signs of the Times', 15, 119),
(1702, 'Session One: Course Overview', 15, 119),
(1703, 'Session Two: Defining Bullying ', 45, 119),
(1704, 'Session Three: Why Bullies Do What They Do', 75, 119),
(1705, 'Session Four: Building a Shield against Bullies', 45, 119),
(1706, 'Morning Wrap-Up', 15, 119),
(1707, 'Lunch', 60, 119),
(1708, 'Energizer: Triple Play', 15, 119),
(1709, 'Session Five: What to Do If It Happens to You', 75, 119),
(1710, 'Session Six: What to Do If You Witness Bullying', 45, 119),
(1711, 'Session Seven: Creating an Anti-Bullying Workplace', 45, 119),
(1712, 'Session Eight: The Law on Bullying', 15, 119),
(1713, 'Workshop Wrap-Up', 15, 119),
(1714, 'Icebreaker: Interesting Introductions', 15, 120),
(1715, 'Session One: Course Overview', 15, 120),
(1716, 'Session Two: What are Ethics?', 45, 120),
(1717, 'Session Three: Taking Your Moral Temperature&cedil; Part One', 15, 120),
(1718, 'Session Four: Why Bother with Ethics?', 15, 120),
(1719, 'Break', 15, 120),
(1720, 'Session Five: Kohlberg’s Six Stages', 30, 120),
(1721, 'Session Six: Some Objective Ways of Looking at the World', 45, 120),
(1722, 'Morning Wrap-Up', 15, 120),
(1723, 'Lunch', 60, 120),
(1724, 'Energizer: In and Out', 15, 120),
(1725, 'Session Seven: What Does Ethical Mean?', 45, 120),
(1726, 'Break', 15, 120),
(1727, 'Session Eight: Avoiding Ethical Dilemmas', 45, 120),
(1728, 'Session Nine: Pitfalls and Excuses', 15, 120),
(1729, 'Session Ten: Developing an Office Code of Ethics', 60, 120),
(1730, 'Day One Wrap-Up', 15, 120),
(1731, 'Icebreaker: Elementary Processes&cedil; My Dear!', 15, 121),
(1732, 'Session One: Course Overview', 15, 121),
(1733, 'Session Two: The Fundamentals of Business Process Management', 75, 121),
(1734, 'Break', 15, 121),
(1735, 'Session Three: Defining Business Process Management', 45, 121),
(1736, 'Session Four: Reflecting on Processes', 15, 121),
(1737, 'Session Five: The Business Process Life Cycle', 15, 121),
(1738, 'Morning Wrap-Up', 15, 121),
(1739, 'Lunch', 60, 121),
(1740, 'Energizer: Curb Creative Roadblocks', 15, 121),
(1741, 'Session Six: The Vision Phase', 45, 121),
(1742, 'Session Seven: The Design Phase', 135, 121),
(1743, 'Day One Wrap-Up', 15, 121),
(1744, '1.Course Overview', 0, 122),
(1745, '2.Defining Continuous Improvement ', 0, 122),
(1746, '3.Stage One ', 0, 122),
(1747, '4.Stage Two ', 0, 122),
(1748, '5.Stage Three ', 0, 122),
(1749, '6.Stage Four', 0, 122),
(1750, '7.Test Driving', 0, 122),
(1751, 'Icebreaker: Being Mindful', 15, 123),
(1752, 'Session One: Course Overview', 15, 123),
(1753, 'Session Two: What is Crisis Management?', 60, 123),
(1754, 'Break', 15, 123),
(1755, 'Session Three: Training Leaders and Staff', 30, 123),
(1756, 'Session Four: Conducting the Crisis Audit', 60, 123),
(1757, 'Morning Wrap-Up', 15, 123),
(1758, 'Lunch', 60, 123),
(1759, 'Energizer: Best and Worst', 15, 123),
(1760, 'Session Five: Performing a Risk Level Analysis', 45, 123),
(1761, 'Session Six: Developing a Response Process', 45, 123),
(1762, 'Session Seven: Consulting with the Experts', 30, 123),
(1763, 'Session Eight: Incident Management Techniques ', 60, 123),
(1764, 'Day One Wrap-Up', 15, 123),
(1765, 'Icebreaker: 30 Seconds', 15, 124),
(1766, 'Session One: Course Overview', 15, 124),
(1767, 'Session Two: Defining Terms', 60, 124),
(1768, 'Session Three: Misconceptions and Realities', 60, 124),
(1769, 'Session Four: A Business Case', 45, 124),
(1770, 'Morning Wrap-Up', 15, 124),
(1771, 'Lunch', 60, 124),
(1772, 'Energizer: It’s Funny Out There! ', 15, 124),
(1773, 'Session Five: Labels', 45, 124),
(1774, 'Session Six: Accessibility', 60, 124),
(1775, 'Session Seven: The Cornerstones of Diversity', 60, 124),
(1776, 'Session Eight: Pre-Assignment Review', 15, 124),
(1777, 'Day One Wrap-Up', 15, 124),
(1778, 'Icebreaker: To-Do List', 15, 125),
(1779, 'Session One: Course Overview', 15, 125),
(1780, 'Session Two: Defining Diversity', 45, 125),
(1781, 'Session Three: How Does Diversity Affect Me? ', 60, 125),
(1782, 'Session Four: Identifying Stereotypes', 60, 125),
(1783, 'Morning Wrap-Up', 15, 125),
(1784, 'Lunch', 60, 125),
(1785, 'Energizer: Around the World', 15, 125),
(1786, 'Session Five: Wise Words', 15, 125),
(1787, 'Session Six: The Cornerstones of Diversity', 45, 125),
(1788, 'Break', 15, 125),
(1789, 'Session Seven: How to Discourage Diversity', 15, 125),
(1790, 'Session Eight: The STOP Technique', 60, 125),
(1791, 'Session Nine: Managing for Diversity', 15, 125),
(1792, 'Session Ten: Dealing with Discrimination', 15, 125),
(1793, 'Workshop Wrap-Up', 15, 125),
(1794, 'Icebreaker: Back in Time', 15, 126),
(1795, 'Session One: Course Overview', 15, 126),
(1796, 'Session Two: Defining Accountability', 60, 126),
(1797, 'Break', 15, 126),
(1798, 'Session Three: Creating an Accountable Organization', 90, 126),
(1799, 'Morning Wrap-Up', 15, 126),
(1800, 'Lunch', 60, 126),
(1801, 'Energizer: Accountable Triggers ', 15, 126),
(1802, 'Session Four: Setting Goals and Expectations', 60, 126),
(1803, 'Break', 15, 126),
(1804, 'Session Five: Doing Delegation Right', 30, 126),
(1805, 'Session Six: Offering Feedback', 45, 126),
(1806, 'Session Seven: A Toolbox for Managers ', 30, 126),
(1807, 'Workshop Wrap-Up', 15, 126),
(1808, 'Icebreaker: Making an Effort', 15, 127),
(1809, 'Session One: Course Overview', 15, 127),
(1810, 'Session Two: What is Corporate Social Responsibility?', 60, 127),
(1811, 'Break', 15, 127),
(1812, 'Session Three: Creating a Corporate Social Responsibility Program', 90, 127),
(1813, 'Morning Wrap-Up', 15, 127),
(1814, 'Lunch', 60, 127),
(1815, 'Energizer: Real Life', 15, 127),
(1816, 'Session Four: Corporate Social Responsibility Principles ', 90, 127),
(1817, 'Session Five: Environmental Awareness and Sustainability', 90, 127),
(1818, 'Workshop Wrap-Up', 15, 127),
(1819, 'Icebreaker: Who’s Your Hero?', 15, 128),
(1820, 'Session One: Course Overview', 15, 128),
(1821, 'Session Two: What is a High Reliability Organization?', 15, 128),
(1822, 'Session Three: Key Concepts', 45, 128),
(1823, 'Session Four: The Anticipation Principles', 105, 128),
(1824, 'Morning Wrap-Up', 15, 128),
(1825, 'Lunch', 60, 128),
(1826, 'Energizer: What’s That Noise?', 15, 128),
(1827, 'Session Five: The Containment Principles', 60, 128),
(1828, 'Session Six: Auditing for High Reliability', 60, 128),
(1829, 'Session Seven: Test Driving', 60, 128),
(1830, 'Workshop Wrap-Up', 15, 128),
(1831, 'Icebreaker: Putting it Together', 15, 129),
(1832, 'Session One: Course Overview', 15, 129),
(1833, 'Session Two: Definitions', 60, 129),
(1834, 'Break', 15, 129),
(1835, 'Session Three: The Business Case for Knowledge Management', 90, 129),
(1836, 'Morning Wrap-Up', 15, 129),
(1837, 'Lunch', 60, 129),
(1838, 'Energizer: Let’s Predict', 15, 129),
(1839, 'Session Four: The Knowledge Management Mix', 90, 129),
(1840, 'Break', 15, 129),
(1841, 'Session Five: The Knowledge Management Framework', 75, 129),
(1842, 'Day One Wrap-Up', 15, 129),
(1843, 'Icebreaker: Hot Potato ', 15, 130),
(1844, 'Session One: Course Overview', 15, 130),
(1845, 'Session Two: Understanding Lean', 60, 130),
(1846, 'Break', 15, 130),
(1847, 'Session Three: The Toyota Production System', 60, 130),
(1848, 'Session Four: The Toyota Production System House', 30, 130),
(1849, 'Morning Wrap-Up', 15, 130),
(1850, 'Lunch', 60, 130),
(1851, 'Energizer: Blown Away', 15, 130),
(1852, 'Session Five: The Five Critical Improvement Concepts', 45, 130),
(1853, 'Session Six: Understanding Value with the Kano Model', 15, 130),
(1854, 'Break', 15, 130),
(1855, 'Session Seven: Types of Waste', 45, 130),
(1856, 'Session Eight: Creating a Lean Enterprise', 60, 130),
(1857, 'Day One Wrap-Up', 15, 130),
(1858, 'Icebreaker: Venning Around', 15, 131),
(1859, 'Session One: Course Overview', 15, 131),
(1860, 'Session Two: What is Gap Analysis?', 60, 131),
(1861, 'Session Three: The Gap Analysis Process', 105, 131),
(1862, 'Morning Wrap-Up', 15, 131),
(1863, 'Lunch', 60, 131),
(1864, 'Energizer: What’s the Difference?', 15, 131),
(1865, 'Session Four: Supporting Tools', 105, 131),
(1866, 'Session Five: Creating a Gap Analysis Report', 15, 131),
(1867, 'Session Six: Test Driving', 60, 131),
(1868, 'Workshop Wrap-Up', 15, 131),
(1869, 'Icebreaker: Mixed Up Candy!', 15, 132),
(1870, 'Session One: Course Overview', 15, 132),
(1871, 'Session Two: Supply Chain Management Basics', 45, 132),
(1872, 'Session Three: The Purchasing Cycle', 60, 132),
(1873, 'Morning Wrap-Up', 15, 132),
(1874, 'Lunch', 60, 132),
(1875, 'Energizer: Stand and Be Recognized', 15, 132),
(1876, 'Session Four: Purchasing Toolkit ', 180, 132),
(1877, 'Day One Wrap-Up', 15, 132),
(1878, 'Icebreaker: Hot Potato', 15, 133),
(1879, 'Session One: Course Overview', 15, 133),
(1880, 'Session Two: Defining a Safety Culture', 15, 133),
(1881, 'Session Three: Governing Bodies and Resources', 15, 133),
(1882, 'Session Four: Getting Started', 30, 133),
(1883, 'Break', 15, 133),
(1884, 'Session Five: Identifying Hazards', 45, 133),
(1885, 'Session Six: Resolving Hazards', 45, 133),
(1886, 'Morning Wrap-Up', 15, 133),
(1887, 'Lunch', 60, 133),
(1888, 'Energizer: Dress the Mummy', 15, 133),
(1889, 'Session Seven: Taking Proactive Measures', 30, 133),
(1890, 'Session Eight: Identifying Groups at Risk', 15, 133),
(1891, 'Session Nine: Writing a Safety Plan', 15, 133),
(1892, 'Break', 15, 133),
(1893, 'Session Ten: Implementing the Plan', 15, 133),
(1894, 'Session Eleven: Incident Management', 75, 133),
(1895, 'Session Twelve: Reviewing the Program', 15, 133),
(1896, 'Workshop Wrap-Up', 15, 133),
(1897, 'Icebreaker: Balling Up The Introductions', 15, 134),
(1898, 'Session One: Course Overview', 15, 134),
(1899, 'Session Two: Understanding Strategic Planning', 45, 134),
(1900, 'Session Three: Identifying Our Values', 30, 134),
(1901, 'Break', 15, 134),
(1902, 'Session Four: Designing Our Vision', 45, 134),
(1903, 'Session Five: On a Mission', 45, 134),
(1904, 'Lunch', 60, 134),
(1905, 'Energizer: Gotcha!', 15, 134),
(1906, 'Session Six: Performing a SWOT Analysis', 60, 134),
(1907, 'Break', 15, 134),
(1908, 'Session Seven: Setting Goals', 45, 134),
(1909, 'Session Eight: Assigning Roles&cedil; Responsibilities&cedil; and Accountabilities', 60, 134),
(1910, 'Day One Wrap-Up', 15, 134),
(1911, 'Icebreaker: Here I Am!', 15, 135),
(1912, 'Session One: Course Overview', 15, 135),
(1913, 'Session Two: Getting Started', 30, 135),
(1914, 'Session Three: The Role of Ergonomics in Your Workplace', 45, 135),
(1915, 'Break', 15, 135),
(1916, 'Session Four: The Ergonomic Cycle', 15, 135),
(1917, 'Session Five: Identifying and Assessing Ergonomic Hazards', 60, 135),
(1918, 'Morning Wrap-Up', 15, 135),
(1919, 'Lunch', 60, 135),
(1920, 'Energizer: Jelly Bean War', 15, 135),
(1921, 'Session Six: Developing a Plan to Address Ergonomic Issues', 45, 135),
(1922, 'Session Seven: Identifying and Implementing Solutions', 60, 135),
(1923, 'Session Eight: Obtaining Employee Buy-In', 45, 135),
(1924, 'Session Nine: Tips for Successful Implementation', 15, 135),
(1925, 'Session Ten: Reviewing Your Ergonomics Program', 15, 135),
(1926, 'Day One Wrap-Up', 15, 135),
(1927, 'Icebreaker: Spinning a Tale', 15, 136),
(1928, 'Session One: Course Overview', 15, 136),
(1929, 'Session Two: Defining Harassment', 45, 136),
(1930, 'Session Three: Defining Sexual Harassment ', 45, 136),
(1931, 'Break', 15, 136),
(1932, 'Session Four: The Purpose of Training', 15, 136),
(1933, 'Session Five: Creating a Harassment Policy', 15, 136),
(1934, 'Session Six: Other Prevention Strategies', 30, 136),
(1935, 'Morning Wrap-Up', 15, 136),
(1936, 'Lunch', 60, 136),
(1937, 'Energizer: Secret Identity', 15, 136),
(1938, 'Session Seven: Nipping it in the Bud', 60, 136),
(1939, 'Break', 15, 136),
(1940, 'Session Eight: Protecting Yourself', 15, 136),
(1941, 'Session Nine: What If It Happens To Me? ', 30, 136),
(1942, 'Session Ten: What If It’s Happening to Someone Else?', 15, 136),
(1943, 'Session Eleven: Someone Has Filed a Complaint Against Me!', 15, 136),
(1944, 'Session Twelve: Addressing a Complaint', 15, 136),
(1945, 'Session Thirteen: Handling False Complaints', 15, 136),
(1946, 'Day One Wrap-Up', 15, 136),
(1947, 'Icebreaker: I’ve Got a Feeling', 15, 137),
(1948, 'Session One: Course Overview', 15, 137),
(1949, 'Session Two: What is Workplace Violence?', 15, 137),
(1950, 'Session Three: Understanding the Behavior Wheel', 15, 137),
(1951, 'Session Four: The Anger Management Process', 90, 137),
(1952, 'Session Five: Communicating Better', 45, 137),
(1953, 'Morning Wrap-Up', 15, 137),
(1954, 'Lunch', 60, 137),
(1955, 'Energizer: Wavy Lines', 15, 137),
(1956, 'Session Six: Basic Problem Solving Tools', 135, 137),
(1957, 'Session Seven: Other Ways of Managing Anger', 45, 137),
(1958, 'Day One Wrap-Up', 15, 137),
(1959, 'Icebreaker: Get Moving! ', 15, 138),
(1960, 'Session One: Course Overview', 15, 138),
(1961, 'Session Two: The Case for Wellness', 45, 138),
(1962, 'Session Three: Building the Foundation', 120, 138),
(1963, 'Morning Wrap-Up', 15, 138),
(1964, 'Lunch', 60, 138),
(1965, 'Energizer: Taking Charge', 15, 138),
(1966, 'Session Four: Gathering Support', 45, 138),
(1967, 'Break', 15, 138),
(1968, 'Session Five: Gathering Data ', 75, 138),
(1969, 'Session Six: Performing a Needs Analysis', 45, 138),
(1970, 'Day One Wrap-Up', 15, 138);

/*!40101 SET CHARACTER_SET_CLIENT=@OLD_CHARACTER_SET_CLIENT */;
/*!40101 SET CHARACTER_SET_RESULTS=@OLD_CHARACTER_SET_RESULTS */;
/*!40101 SET COLLATION_CONNECTION=@OLD_COLLATION_CONNECTION */;
